"NMF1"	"NMF2"	"NMF3"	"NMF4"	"NMF5"	"NMF6"
"KRT10_FORALL_151_KRT9_FORALL_024"	2.37806629068212	2.34328554304916	1.50018733558291	1.4062734040659	0.669875627416197	1.2165734983351
"IFT46_FORALL_072_IFT46_FORALL_130"	-3.46534166814651	0.440462204812771	2.49391108167208	1.09360579197771	2.30635196494879	-1.81859215526679
"IFT46_FORALL_072_IFT81_FORALL_108"	-3.48472599115743	0.601474406529061	2.1822170761146	0.725502611552684	1.93784987166963	-1.92021025748869
"A2M_FORALL_001"	-8.1574857666928	-0.940875293339533	1.41984420491072	1.03486228111336	0.523364389615973	17.8748043844759
"ABCC5_FORALL_040"	0.504585268174583	-3.10949334672205	5.74713692450446	9.00070551852215	-0.181362130769052	2.59472042330806
"ABLIM1_FORALL_098"	-0.796403929745334	1.33731139792373	4.62528202802582	3.91095428702219	3.09866442298484	1.54325539267162
"ACBD4_FORALL_015"	2.18209039602184	-0.43731678428747	3.93480264491392	3.07334761532513	-3.05970719392819	2.18010856831989
"ACSS1_FORALL_008"	-0.855748881353641	-8.94417269809321	-3.80705615436108	-0.227652080420553	0.414109287328039	-0.417879149279939
"ACTN1_FORALL_008"	0.644873936314902	-6.45507290180008	0.192295203921493	7.03637956354472	-5.34233524391015	0.481922574025098
"ACTN1_FORALL_061"	-0.059426613902927	-9.90125792108918	2.04457256568981	9.83410109718975	1.57983418220587	1.51171154490595
"ACTN1_FORALL_125"	0.853706994781638	-6.80441503746201	-0.811879003589231	6.17458580950117	0.71806888613726	-0.183830049671505
"ACTN1_FORALL_151"	-0.998663646143625	-7.77364833335593	1.4006396768482	5.14708999388693	1.21109720878828	-1.56715646089954
"ACY3_FORALL_155"	-0.179918638685704	1.23895022319799	-4.09996246953507	1.53657752609134	1.25503228235639	-1.10959435253936
"ADA2_FORALL_051"	-0.918070893673087	2.58212773782082	-1.9703754013656	1.43029428924283	-3.42745807181099	0.260081838665366
"ADAR_FORALL_018"	1.51142392366578	-1.87944587825083	-3.60944320099078	10.5959643297092	-1.67305669693671	1.14650970535263
"ADAR_FORALL_073"	0.970692866645154	7.35242588255876	7.12805624852005	6.99776816484791	-0.0188237179382425	0.387255524978648
"ADARB1_FORALL_147"	-0.56361850905136	-5.74336159262046	-2.7679758150216	-0.941972794727883	-0.78308509365569	1.18826124938438
"ADD2_FORALL_096"	-0.12656839159805	-2.6176815917551	3.8021363008344	-2.10872002178099	2.14190465347971	1.28341380403504
"ADIPOR1_FORALL_126"	-1.18591011855373	4.13248643480127	-1.73470156100869	3.31365863050764	-2.33016750258893	-1.47197919717935
"ADISSP_FORALL_119"	-0.714151967228473	-5.76548510817346	-15.6402524677453	0.389382934450248	-2.41782786370707	0.254255900809736
"ADSL_FORALL_103"	-0.644640088212973	-6.52391636275138	-3.45690067506266	-5.73864552174564	-0.638983855694754	0.645288309094718
"AFP_FORALL_052"	-9.17177918795615	-0.962633862397312	-1.08044214727813	-2.79103884154403	-2.18747744097144	17.5247120305099
"AFP_FORALL_057"	-13.0397867305725	-3.98124001042216	-6.01206896865806	-3.69184298911477	-4.14110196938605	13.7103732396499
"AFP_FORALL_067"	-14.6317080195639	-2.08828265282129	-2.80405522302472	-2.815420035446	-2.96407775734995	19.6773948947292
"AFP_FORALL_086"	-9.19648003390045	-0.00642968345617496	0.385280919175198	-2.92552736484442	-2.11485239701492	15.550377289639
"AFP_FORALL_112"	-9.13842703457252	-0.533014385886842	-2.23345193459374	-1.46143778269428	-2.06028008640422	14.7072044284761
"AGK_FORALL_149"	0.342922915638507	2.31157006245895	3.82375875288192	3.1828404756602	0.435532442392602	1.44246352337694
"AGO3_FORALL_018"	-0.38002741349333	-3.2085475984527	-1.7761886814295	-0.982097295357014	2.46336941279124	-0.332799157984865
"AK4_FORALL_010"	-1.80332463943054	1.15785901021561	-0.164805747704123	1.48955619758219	1.33514009808827	-3.58063971591266
"AKT2_FORALL_022"	-0.0713366131257521	-1.2141790398599	3.79282745539237	-4.16932316935429	1.74328644034198	1.29053497558046
"AKT3_FORALL_153"	-0.532316057808387	4.29367676825223	2.1606927354356	6.49636165323165	-1.8977451792555	0.425818412067191
"ALB_FORALL_049"	-10.9398497303612	1.73001817624177	1.18837522452617	-0.180713107754128	0.924343892563048	21.2788161384718
"ALB_FORALL_054"	-8.68392064570322	-1.68142382218051	-3.04100182543278	-2.34176723443036	-2.91737046434505	15.7665390906197
"ALB_FORALL_072"	-17.8817953985459	-1.6872594228576	-3.07973715603014	-2.31350343067223	-2.11779954658867	20.7427944377342
"ALB_FORALL_138"	-12.7889512947056	-3.31992211322296	-4.18569440742567	-2.87383551997183	-3.49390847113775	13.6632337415357
"ALCAM_FORALL_025"	-0.785879885472768	6.86866103113175	-4.21357282216508	2.60731981106284	-0.363958000975326	0.434197012866128
"ALCAM_FORALL_129"	0.0284341074823363	1.00657381525558	-1.59526064128205	3.65821621731544	1.37931475865315	2.30265559867878
"ALDH1A1_FORALL_063"	1.20590488753843	-0.734132006446556	1.09879749505952	0.230804819658953	6.60898845269265	1.70987442823933
"ALDH1B1_FORALL_150"	-1.83329069011855	-3.28771101555637	-7.4023058051927	9.07640251007416	-2.05576471836992	0.0628859259247421
"ALDOC_FORALL_104"	0.33868253340531	0.89705185625058	-2.89917230433975	0.439513647086651	-0.728772846025252	0.578569973254276
"ALG1_FORALL_100"	0.71059183069888	6.37079640772016	13.5831045282183	6.23463210820909	-2.41064927833721	1.9247740260955
"ALG3_FORALL_019"	0.125269073736661	4.22823428694948	10.5393292767959	3.93559879761168	-1.0742405663112	0.00288073197819648
"AP1G1_FORALL_010"	2.04045196253655	5.20689418602541	3.86845625537458	8.45947441717271	-1.30164453058827	3.40900849441593
"APIP_FORALL_101"	-0.607369197712523	-2.59704069760222	10.5751859697323	-3.19360965421309	0.229175341751093	1.53922547944529
"APOA1_FORALL_037"	-7.8866882249495	2.94317614561541	0.318030078497748	0.209688746961802	-0.0268778277485121	21.8317777879631
"APOA1_FORALL_131"	-11.2714790349572	-2.98199648846219	-3.03486778401391	-3.07323273246118	-2.69802170016985	13.8104447701823
"APOA1_FORALL_145"	-4.14913664633044	3.05176099490312	1.64579581141955	-1.58202475620594	-0.518482701871557	19.1639661835316
"APOB_FORALL_019"	-6.1441354030998	1.2685579371641	2.64144071779602	0.470725099613876	-1.16669596670608	12.423775611722
"APOB_FORALL_062"	-6.9922234985774	1.206626250964	3.39859938386596	1.55067768647253	0.849349953464045	13.7838199391042
"APOBEC3G_FORALL_066"	1.26494707097146	-5.45087413287627	-7.89757871257298	2.25517715546664	-2.17787273986367	0.469059554433791
"APOBR_FORALL_067"	0.0514526778096089	-10.2336117500991	2.69043829837242	0.0370678582304438	-0.353590697535445	1.73422403241889
"APOBR_FORALL_142"	0.569803220897863	-6.62366346577546	1.32062146143214	4.58029637505158	-1.21058008559938	1.84289103648845
"APOC3_FORALL_011"	-11.2222541851054	-1.86214467457609	-1.95989166960664	-2.59763994478463	-3.00803944131933	18.2576030085332
"APOC3_FORALL_052"	-14.0979412805539	-3.03487262063242	-4.68131654042975	-3.29999860432043	-3.40538430070441	13.7003092351658
"APOC3_FORALL_095"	-15.1868321337171	-2.42031220420201	-2.49121053457677	-3.03233621134044	-2.73440980659616	24.6414399737822
"APOC3_FORALL_141"	-5.44079136008023	-0.990314565761039	-0.279567052521183	-2.76146764535878	-2.40607308799125	11.6735653155614
"APOC3_FORALL_142"	-14.3979454158075	-2.85763624128427	-3.09491355898111	-3.34677666367367	-2.3805245148435	15.2072531658088
"APOC3_FORALL_144"	-10.8792117507278	-1.57648922670542	-0.660655211567504	-0.541117052272251	-1.51577098533909	17.1149335907563
"APOE_FORALL_048"	-0.702339301235983	0.300792739736815	3.25319351055362	1.11597756006275	1.11812351330216	4.46143664429101
"APOL3_FORALL_084"	1.03100481249845	-3.05890345620804	0.781101028632585	5.03454297788815	1.69971305583572	1.31511105411324
"APOL3_FORALL_152"	0.115263916525991	-3.0728080812687	1.38434017176441	1.98209286543026	1.3545084796192	-0.702181510729036
"APOM_FORALL_141"	-14.9821814172323	-2.24089694482375	-2.99097989582186	-1.78902315027215	-1.89328575553844	17.375126484289
"APOO_FORALL_050"	-0.482335844182907	-6.8256804208915	-0.0494430550079357	13.3198322842158	1.03411520925955	0.706025780562434
"ARHGAP35_FORALL_087"	0.951071536917541	-7.96296262380956	-0.593563390668891	-4.04692787485134	1.09274481226553	0.493256596513087
"ARL2_FORALL_138"	-0.352349924352496	-7.93767813189199	-7.3436137437113	-1.07176655977525	0.357200001766229	-2.33272995039409
"ARL3_FORALL_089"	0.740327792012828	2.19297822173986	-8.23280578678372	6.8734331907208	1.34032333690127	0.792915140159
"ARL6IP4_FORALL_016"	1.09731319266014	-0.398495362100674	3.56250791255806	1.55390816352662	-3.77272739254968	3.01708642434273
"ARRB1_FORALL_115"	0.865128734503352	-3.86987532642106	3.35765348908584	5.26703370133109	1.33759480203648	-1.94561829060045
"ARRB1_FORALL_144"	0.0251749702427192	-5.60723796186499	0.95475873438584	0.434408729794172	-5.05161035186666	-0.546870554451566
"ASB7_FORALL_112"	-0.299715108738385	-4.86773009628419	0.864839766056297	-4.32537872405228	1.28677286791718	0.129241554860892
"ASCC3_FORALL_122"	2.27475545849211	2.52156183647079	10.5004187010565	4.76810687078537	-2.867914886382	1.92837950482728
"ASNS_FORALL_158"	1.28929610970411	6.73035705264922	-0.128169497511952	-0.589300567096432	-0.202599810633331	1.50796338772424
"ASS1_FORALL_071"	-0.232165785320712	-4.45587795274623	-6.44104258989289	-4.70876430367865	-2.48867717505765	-1.07076425508726
"ASS1_FORALL_081"	-0.872745642469516	1.50416496680535	-4.23254908773717	-1.76833752017136	2.05669316131576	-0.0374463468325197
"ASS1_FORALL_094"	-1.2745536434787	-3.99354437629505	-8.71268888437046	-5.5458962981437	-3.15920143664851	-1.18948624833302
"ATG2A_FORALL_058"	0.947721698722596	1.54713044622448	5.49007977631358	4.65392658984276	-3.90019020129467	0.8698478492207
"ATP5ME_FORALL_096"	-1.51107727079204	4.62842601640203	4.82029015247069	4.61004821884995	3.46056911345458	0.512050933293173
"ATP5MF_FORALL_072"	-2.0533132325872	-2.09636092031229	-0.351702980990058	-0.251040480134177	-0.760638294592003	-2.02993037925275
"ATP5MF_FORALL_151"	0.816301292004047	-10.9063921919329	7.27159510518226	5.9441332590221	-1.42878428728318	2.36868240954587
"ATP5MG_FORALL_064"	-2.03529292575636	5.09270023639155	2.17090017786475	3.15187615951137	1.76218974096124	0.228269607633467
"ATP5PD_FORALL_045"	-1.42898075735244	4.36567619375499	4.66618552975734	3.88531885677829	3.0033206311807	0.171922242944008
"ATP6V1C1_FORALL_017"	1.67151274723216	1.00238104737008	12.5867158431402	4.61177005743388	-1.7366211172154	3.18438105351051
"ATP6V1G2_FORALL_111"	1.71225704666408	-12.8421760002134	-1.14131593015574	7.86798218463904	-1.75137358434237	1.54564980198985
"ATP9B_FORALL_115"	-0.733444770134739	-11.8298491150796	-11.8242174703227	9.13575378576553	2.09713157536903	-1.57851506060302
"ATXN10_FORALL_045"	0.0462783584624995	6.4468376760973	3.01616178648133	0.771909981103728	-3.05252273241708	-0.376137949250254
"BABAM1_FORALL_160"	-1.43846826301236	6.19769715312305	-1.52854412261068	2.97165480810401	-0.298254512177323	-0.314499988484612
"BACH2_FORALL_155"	-1.32328971079736	2.43179007532503	-4.61964423119752	-0.568390124059568	2.44904234626664	-0.525578142020467
"BANF1_FORALL_017"	0.00388338396873446	0.342566448578336	0.983599367672848	-4.38709821888176	0.971233654771488	0.135498628762101
"BANF1_FORALL_118"	0.89215164184584	3.04078745563646	1.93759891947429	-2.44276296058355	-1.36957595615562	1.23141631039704
"BAX_FORALL_133"	0.393485248230063	-0.478702438309668	-8.74414000439405	8.7508801929068	2.14645847145783	-0.951123156392984
"BBC3_FORALL_081"	-0.250334922210717	-4.67249353348887	-5.52123416859072	0.51277047619634	-1.95848630601778	-0.613616651684814
"BET1L_FORALL_033"	0.458443825384767	-6.782005233402	7.26898363352764	-1.83390896530075	0.807865271732679	1.75707667723516
"BICD2_FORALL_086"	0.744002518715668	3.59013075004304	3.75812677961839	-4.89031166883047	-2.12727424564748	-0.313325745596501
"BIN2_FORALL_124"	0.919082366387519	2.11615658846356	10.6625309623592	7.20423855500136	-0.856770384010611	2.35957970677389
"BLOC1S4_FORALL_066"	-1.40207353293745	-10.4076064535824	-12.882732437128	4.43213554625223	2.16455867041716	-1.24451490890777
"BNIP3L_FORALL_120"	-0.221141793805906	1.38548047910504	2.52820073444941	2.48290749896293	1.37156559291963	-1.49034135459467
"BORCS5_FORALL_161"	-0.424893833611213	3.46961245129105	-4.65227828394549	10.7582770600831	1.19407089997793	-2.87554555211493
"BRF2_FORALL_025"	-0.873195739373922	-6.10087033407738	-0.309594164668575	-2.43242384056048	3.06713423928549	-0.142184536597656
"BST2_FORALL_134"	1.17973283284564	-0.91945696695148	2.36095805894017	3.31495982382883	-0.522837088922944	0.716227587646893
"BZW1_FORALL_113"	0.92141592493279	2.2723588805946	10.3941185850721	3.91934100322186	-0.292889954580607	1.38436516692459
"C11orf98_FORALL_108"	0.67677514401956	1.33904067160537	-7.23372134353411	-2.96397863083827	-1.40083534999611	-0.672919118449296
"C12orf75_FORALL_033"	-0.283922137828921	-2.68843358158208	3.85064104644032	0.655715233426079	-0.569543700352233	-1.32397279382942
"C17orf75_FORALL_029"	-1.23081311724836	-7.96980661928969	-7.32225811681783	4.63234227075301	2.04458178425555	-0.201894030246502
"C2CD5_FORALL_047"	0.944359309967048	-1.62743546822094	10.7410865901204	-1.90997975747716	-1.18740450516909	1.40170949905404
"C3_FORALL_054"	-14.1656918659656	-2.37035337900282	-4.5448409438292	-3.63499267290197	-3.17424067224921	16.4453773045966
"C3_FORALL_148"	-12.6564586660452	-2.55253860295315	-3.63712642178482	-2.87250426913164	-1.81107851941954	14.2037156786899
"C4BPA_FORALL_007"	-7.26504383422858	-1.62634706661818	-2.86881823485562	-2.22807663349587	-2.38980326689076	12.0091867708486
"C6orf89_FORALL_085"	0.861295047231539	-3.45953255981257	1.86777122551286	5.17843996644849	-2.24959448514372	3.00124750884977
"CALD1_FORALL_058"	1.61119565087221	-1.88976662268918	-1.07769919610721	0.625943637360941	1.957896166905	1.40130373245651
"CALD1_FORALL_147"	-0.568364806686703	-0.0519844497923292	1.34886179096812	-0.354659831531442	3.19589811077308	-0.550033627933485
"CAMK4_FORALL_126"	1.15907956612842	4.19976543533667	6.17612332187929	2.01138732180685	2.45663347914611	3.05248504783726
"CAND1_FORALL_009"	1.56462694906915	-1.67085699520697	15.8735275217748	4.959668840052	0.765098909836613	2.3327906469723
"CAND1_FORALL_111"	-0.531764798671637	-1.62054522667855	4.20729349101405	-6.6638825801394	1.66410485608432	1.08198853780626
"CASK_FORALL_159"	1.58375084752358	3.83944769260379	12.8437993513341	3.32486344282838	-2.21803414996186	1.53789765591337
"CBX1_FORALL_111"	-0.769642166285595	-4.43912779201422	-1.80825595778073	-3.8840667480094	2.19685132249417	0.233675386096831
"CCDC141_FORALL_038"	-0.857215247711677	-6.99033640111743	-7.34119221634155	-1.16288382957402	2.37500170624694	-0.720544413534648
"CCDC141_FORALL_131"	-0.254937371135755	-9.34859247837601	-5.96326841684443	-0.736889585683073	3.73734145556235	0.614634123289513
"CCDC171_FORALL_078"	2.44126349319414	5.58985681936979	13.9505435667965	2.98204829106514	0.28476301223874	1.27878919709849
"CCDC18_FORALL_005"	-0.210250060201752	-0.474733562559851	-2.26425801920565	-8.00920293880748	-1.59885614958678	-0.486652765106691
"CCDC22_FORALL_089"	1.01589163601293	2.67562021137367	10.1953702134487	0.230650786835418	-1.33857982573066	-0.173980945901073
"CCNK_FORALL_103"	-0.297231326661129	-4.66353828903048	0.741201070519797	-4.76261761427174	1.53999723647565	0.857617939503299
"CCNT1_FORALL_127"	-0.0596253454244092	-3.92512740626789	0.887747601458585	-6.55898565167346	1.1852723885772	0.466268469899461
"CCNT1_FORALL_150"	-1.65410082463869	-6.95827379395819	-21.414212276963	6.96373877433595	0.380860587882357	-0.681991890505273
"CD151_FORALL_142"	1.51676739504912	-5.00339105786675	-6.33651267847391	1.40508595109662	-4.14301521507967	-0.0213373504583881
"CD300A_FORALL_034"	0.187355415424047	-0.581121327123481	3.21917644620221	5.04445888138194	-0.805080278549248	0.300094021712302
"CD300A_FORALL_047"	-0.431947689907794	0.950961466034137	2.34293792059983	4.19191485690747	-0.413977304327167	-1.23762426260345
"CD300A_FORALL_063"	0.743464592624271	-0.183901192768738	1.46912929019716	5.09345726219125	-3.89401118006679	-1.90875194925978
"CD300A_FORALL_112"	-0.178030186690758	2.70858207158167	0.874556001000534	5.77228251771437	-0.565120963751245	-1.3697219477749
"CD46_FORALL_086"	0.667587939748979	-2.38835161158078	-0.601943692364102	9.81131215181752	0.416351449020889	1.39485194577068
"CD70_FORALL_076"	-0.293711239642737	6.47545722618142	-4.17680231350459	3.20088451362972	0.364538955395889	0.596333872537071
"CDC26_FORALL_154"	0.353528724864601	-1.62049028813606	8.69302052502582	-2.55865783506435	0.0853567559538478	1.13940094273145
"CDK7_FORALL_074"	0.107284368065646	5.87666762796159	-2.43301902990123	1.42854087645904	-1.95045527500693	-0.187034244508072
"CELF1_FORALL_046"	0.326127878069226	5.54936923990048	-3.47120834332034	-2.49507787395086	-3.28345869445545	-1.10701225661705
"CENPV_FORALL_038"	0.216387807640552	-2.34988272241903	6.46900084480488	3.87740012407021	-1.41046823085392	0.255813985582085
"CEP120_FORALL_084"	-2.31945378244354	-6.59318927706751	-7.88504303037667	-0.266216286945645	2.42993425746771	-0.247374663405255
"CEP20_FORALL_154"	-1.13300830820687	0.628597040968279	-7.5290145908037	0.613040839279828	-0.21962754677187	-0.429326289462718
"CEP290_FORALL_155"	0.711267911198642	5.637243200414	3.01631274829985	-0.536496108738434	-1.78946875244472	1.00260213865024
"CERS2_FORALL_001"	0.50242374275141	-3.34491954979966	-9.60509107536873	-0.840796545066131	-1.41771435923022	-0.471029888967228
"CERT1_FORALL_084"	2.14520642841408	3.36454337066758	9.51059596634615	9.02825882313086	0.421273188484292	1.78841298196248
"CHCHD5_FORALL_009"	0.658745785037962	2.77277741275395	4.35650919945826	1.21652677928033	-1.44469894484248	0.0404606795737198
"CHMP4A_FORALL_106"	-0.899745600909918	7.21405774554311	5.98204013400419	8.27867992174805	1.84882019958525	-0.00878369184469238
"CHORDC1_FORALL_049"	0.00101117358513051	9.2448362470256	-1.53251744551086	1.03076406626027	-3.38330483898228	-0.400203380803948
"CHST12_FORALL_145"	-0.743945555313384	0.328844344718306	3.68704481862687	-0.977242612387479	-1.87159895355954	1.70140255182725
"CISD2_FORALL_154"	1.13036027255672	-2.47829065356435	4.90221163469665	4.40697881895084	-1.50764810709848	0.744601104293928
"CITED2_FORALL_049"	-2.61600475570494	5.96835615750896	-8.81790614438055	7.46505788218617	0.0752593235490141	-0.177314083240631
"CLEC16A_FORALL_005"	0.617024740899101	-1.39557763178597	3.32753978661441	9.3243511415415	1.38825044937268	1.27411315895369
"CLEC2B_FORALL_080"	0.601993986813095	-4.55653333710035	-5.73786491217519	1.19187040340533	-5.88580334829608	-0.471500446108567
"CLEC2B_FORALL_123"	1.01594124049535	-6.82277962387582	-2.48881379689454	4.73611111897054	-4.119537829068	-0.0941204222850798
"CMTM3_FORALL_003"	0.957619082884948	-7.19327740378444	4.42377490023722	1.1733403517895	-3.67391319893986	1.71940291746786
"CMTM3_FORALL_048"	1.10803079042093	-2.87388690271946	5.05099451565656	3.6731749463694	-0.913708466614561	0.801916855708918
"CNN2_FORALL_159"	-1.50260335693655	5.60526914752259	2.52965576601336	3.87342958747215	-0.921519913320773	-0.174313625165124
"CNOT2_FORALL_053"	-0.282813181820336	-5.3929965231925	-1.24711698430624	-3.64695553605642	2.66682261626234	0.684248313026021
"CNOT2_FORALL_094"	-0.733901807524835	-4.01881094556438	-1.67177030999521	-1.87636530604918	1.96946992769458	0.13780855639855
"COG5_FORALL_059"	2.49840259447397	7.3512720845814	9.83051235796338	3.59872431119695	-2.24173882889331	1.52101405525281
"COG6_FORALL_103"	2.24925106527788	7.60656263991269	9.00576709186503	2.93941557578595	-0.471314946475615	1.90136590235711
"COIL_FORALL_011"	-1.4441035068474	-13.4692797679405	-23.5954969672486	5.92670578932007	-0.410024859894799	-1.97240138053953
"COL6A1_FORALL_027"	-15.5081087226025	-3.80616833050524	-5.67541320083794	-3.43619055396403	-3.83546766188868	14.1839258839192
"COMMD5_FORALL_074"	0.862060116562453	2.5691154633478	2.53955884881425	2.4397817883136	1.39801799919219	0.879456836407253
"COP1_FORALL_159"	-0.597754327191789	-3.18170868551953	-1.26109984662607	-2.65060570489062	1.83834311120532	1.30742404026575
"COPS7A_FORALL_012"	0.147989826106311	-8.15006707460384	-8.24908945829514	13.8520455909085	-1.04986529978089	-0.618070016234487
"COTL1_FORALL_020"	0.13212211808863	2.85667264096818	7.40272391371575	5.826101208465	-0.318978178477547	0.558938241421738
"COX17_FORALL_003"	-2.07436685137868	-10.5178413575276	-8.87207645329928	4.94855631906979	0.545501259673414	-0.0791203887161168
"COX19_FORALL_007"	0.523055162183981	-9.81302643424272	-9.77050218386028	-2.79298573534281	0.635144199877048	1.10748650181446
"COX7B_FORALL_118"	-2.11374770965544	3.62528524879915	2.7773092157194	3.86890972202933	2.37708002749164	0.447722317772692
"COX7C_FORALL_043"	-2.26025287943231	3.83316819894522	2.40633378343412	3.54018703288067	2.34381738442444	0.656813996518784
"CRBN_FORALL_002"	1.72110246890458	-1.8423049266482	7.76367494062028	-0.0412380404141158	1.58097097753121	2.02043440498124
"CRBN_FORALL_030"	1.82087345398783	3.48974599730415	13.0166298061235	2.11735755102383	-4.71814747718119	1.46594349620251
"CREG1_FORALL_032"	-1.63302678216489	-1.40845663038681	-4.56683379382229	2.33234692992976	-0.826629776875523	-0.678570680960353
"CRKL_FORALL_132"	-1.23652210781092	-7.70691564931757	-7.88803993998306	13.0024563163841	-1.12739234425448	-0.663262437379128
"CRYBG1_FORALL_113"	-0.328749317023592	-3.36568773598427	0.115854836205667	-0.75218874548453	-0.628405014449341	1.5797131032241
"CSNK2B_FORALL_017"	-0.204020461906575	2.34342016689023	-4.89650918827709	3.39200086708744	-2.48511717050888	0.882042416866705
"CST7_FORALL_051"	-1.90201271915719	-8.40675813408459	-6.4406847180837	14.0928695351018	0.789891156384265	0.938183581118792
"CSTF1_FORALL_073"	-0.564175946226508	-1.91595879903869	2.20276587353887	-3.28543273114069	1.66070457708005	0.153037685385811
"CTC1_FORALL_007"	-0.990803886087192	2.05983130298148	6.20591198877797	4.22440607961025	0.126961100980059	0.943851008410724
"CTNNB1_FORALL_099"	-0.786974080958866	1.59216440840602	1.61438343203202	-0.894600985685652	0.19132730864976	-0.461011590798302
"CTNND1_FORALL_023"	-0.901440127383118	-6.2461098224866	-1.50637910168895	2.70408520926028	0.110090952871045	-2.00580809407961
"CTNND1_FORALL_045"	-0.954078431390384	-4.96556903817715	-3.10220928002767	0.650006564390642	0.31969605970367	-1.33673306560298
"CTNND1_FORALL_055"	-1.45094195699962	-4.88586477922433	-7.03491586545698	5.36971967540246	4.09399778234164	-1.81167298836168
"CTSZ_FORALL_079"	-0.0926021472008448	8.89598067971005	-2.43238725856601	5.00158086674648	2.42551528564876	-0.718832209691199
"CUL1_FORALL_073"	-0.646658559673394	-0.0753949822028756	0.350824293118253	-2.67539896921495	-0.0164416300469684	-0.413284551773325
"CYREN_FORALL_066"	0.942751944307741	1.94933590816698	4.2458417988494	-4.0973435154953	-0.717937101331213	1.35738155258576
"CZIB_FORALL_067"	-1.73365159346262	-4.58047547242151	2.40209376947198	1.57617700749118	1.6602233300007	0.482483625313845
"DCAF1_FORALL_018"	-0.325196603925133	0.737666212364829	4.1096136222259	-5.73528666608485	-2.46514549408339	0.55147814776585
"DCP1A_FORALL_015"	-1.15711972295196	2.01153802058598	-0.956018866216698	-1.25388146402553	-1.1603245828365	-1.21753137538849
"DDAH1_FORALL_132"	-2.42211332054818	-1.84221396036733	-9.2673128564752	4.32427715431339	0.0128323408725707	-1.92537954153059
"DDX39B_FORALL_026"	-0.0216303515529129	2.75408768927512	5.32914797495008	-9.14166105394316	-1.73636767613788	-0.173527065143004
"DECR2_FORALL_025"	0.653291877599592	-0.702040181880936	-1.36702810108763	0.816453024407345	-2.37686153429389	0.470054190064328
"DHRS11_FORALL_125"	0.708089008683924	-4.87388457672325	9.34135489400647	-1.55990611832093	-0.308821845328254	2.58374612718999
"DHX38_FORALL_013"	-1.53827116274705	-4.37004944369698	3.21376372814555	-4.43571206913238	1.39855043357929	1.09792082602153
"DHX38_FORALL_090"	-1.0428683829801	0.108160191111602	2.46311776341561	-1.36970430558539	2.18464546315274	-1.73011668316642
"DLAT_FORALL_086"	-0.426274362700519	2.87735543647735	-9.63513485790555	1.38486787112269	-3.57727497094287	-0.51329896585916
"DLD_FORALL_114"	-1.21261594031687	1.04454929664379	-12.0940415985235	6.10415281547995	-0.521738829952022	-0.649621269163178
"DLG3_FORALL_065"	-1.54799569167977	-11.3126362920979	-8.42079963707434	2.29675774926056	1.11914858145871	-1.00455547315606
"DNAJB9_FORALL_034"	1.92798753102031	-0.431621203394232	4.52303990124154	2.75604836323776	-1.69636426570887	2.6555245251281
"DNTT_FORALL_092"	-0.18078817517806	-6.57971422697803	1.52018625200717	3.45681417292761	0.263665370350241	-1.36886029680662
"DNTT_FORALL_106"	-0.452312423468062	-6.10655068639513	1.7750067151718	3.03090183947833	1.39302680696681	-1.53349748371516
"DNTT_FORALL_114"	-0.652035956045038	-2.01365317667223	-1.48862145792883	0.569057815576457	0.788220453541626	-1.44802071121567
"DOCK7_FORALL_055"	0.0536295521323288	-9.74186685022242	-6.97066865546385	4.86853041247807	2.30171820259759	1.14418081704177
"DOCK8_FORALL_014"	0.276779834032529	-5.8016988240852	8.83606466864948	7.83395886303003	-2.75026279146923	0.0634027927714576
"DOK2_FORALL_091"	-1.80778014303936	3.50009130153475	2.88523001421623	3.96650467714804	2.52994171185046	1.00888203805881
"DOP1B_FORALL_148"	1.05311059789271	1.5132773643933	20.1419190924386	1.55471751932576	0.0208080682215656	1.49130591447212
"DSG1_FORALL_079"	2.66846937147629	1.80971112663583	1.26931823600035	1.07901460322121	0.565482179093124	1.55595438298726
"DSP_FORALL_058"	2.65259323977297	1.85763441038933	1.27442380436925	0.992698141827861	0.426237236468315	1.57800468948109
"DSP_FORALL_103"	2.17538065902187	2.45681229208534	1.4050429529593	1.60389115056327	0.67842344222889	1.01306510421171
"DTD2_FORALL_093"	-0.558303552990388	0.718079849083823	-10.5384970780119	13.3205994884748	-1.62395387540659	-0.561918043702999
"DTNBP1_FORALL_160"	-2.81027865370085	-6.45134467408756	-9.54701350120986	5.62344319758653	0.167669471818383	-1.70674365421835
"DTWD2_FORALL_121"	2.213510587591	-2.20721666635469	10.9850788841106	6.26466566049577	-1.75777575596371	2.02737295158718
"DYNC1I1_FORALL_074"	-0.870508558886825	-3.25852910771171	1.63540804795146	3.5664988754796	1.20792058273388	1.39453510079756
"DYNC1I1_FORALL_102"	0.0133555926727373	-3.28890284407399	6.63801840315264	-0.614171679523504	-0.131915201868573	1.78517002127505
"DYNC2I2_FORALL_096"	-2.83868143991391	-0.790534601346768	4.29291297522357	-0.567215186143165	1.45880130100007	-0.216857690252015
"DYNLRB1_FORALL_089"	1.01334089035835	-1.60382579713392	1.05048659677614	3.83208934215655	-2.96367272638757	2.62677074133427
"DYRK1B_FORALL_055"	-0.307863311131718	-10.4144225975614	0.780805978123373	3.37749381167674	1.54748411973121	1.02009274150858
"EBAG9_FORALL_100"	-0.460271837877036	5.02439094903827	7.8450961695652	7.44814186447968	-2.80230739338091	-0.375262327360062
"EBF1_FORALL_004"	-0.780596055113823	-12.2237174585444	-14.4058326844576	0.812490714889254	2.02552962191886	-0.696051667958867
"ECH1_FORALL_022"	-1.22701589401609	-8.71315098542372	-3.92605202791678	0.02370381453893	1.63728334910159	-0.415571399646483
"ECM1_FORALL_089"	-0.612591457503503	-3.58318167459016	-2.68962436991738	0.446689275060841	0.379206741806132	-0.64112588262408
"EDC4_FORALL_124"	0.84221922402999	1.97379611079536	13.2317210449525	4.73722317410319	-0.800580475775186	1.27877117207689
"EDF1_FORALL_020"	0.0507024351875684	5.40124491796436	-6.64460222349768	5.41025006150666	1.16478689065012	-1.3637871193684
"EEFSEC_FORALL_061"	0.221145471820582	13.3753335318887	6.57910138012961	5.39629643621691	1.14810820837737	-0.592241442017497
"EFCAB2_FORALL_129"	1.4394859459126	-4.88202295109797	-3.44364359971817	1.38514273485277	-0.166988048075887	-0.0161672372013644
"EFHD2_FORALL_067"	0.146326303942062	1.23445996437525	7.20472430616911	10.4417353454877	1.6824796397807	2.44837641479133
"EFNB1_FORALL_143"	0.839665256728758	-7.29271699815151	0.298034765957768	2.36212854645385	-3.22267666648508	-0.568459031031345
"EHD4_FORALL_102"	-0.510639912409712	2.01419769814013	-4.93620880364195	3.56679176715834	-2.47040757522447	-0.991669183198834
"EHD4_FORALL_136"	-1.21171068982378	-2.67542502993199	-5.0392201233731	0.164640131096321	-5.28919802457848	-0.496119689079753
"EIF1B_FORALL_077"	-2.36075917728109	11.8402542425149	0.469267848633306	-1.10172449382279	1.0894340179608	-2.83219109880133
"EIF2B3_FORALL_113"	-1.49427679586574	-3.18124035174081	-7.59693529613831	0.791196866089524	1.34055378971062	-1.48789599680683
"EIF2S1_FORALL_157"	0.189521348245657	3.65072329833261	-0.0918566222315831	13.3152839129121	1.11801726861392	0.33938147118148
"EIF2S3_FORALL_043"	0.968502796834174	0.317240173103192	1.93693828240261	-4.26067589225164	-2.93152440916024	1.61177793892491
"EIF2S3_FORALL_157"	0.271634124529689	10.1254317933112	6.40790273229351	5.25199368273815	0.275257912229132	0.747146836473546
"EIF4A2_FORALL_133"	1.27991883314609	-2.95238895875328	0.243315815991334	9.62274967421231	-1.6128420435739	-0.238377752755217
"EIF4A2_FORALL_134"	0.725788880564273	-9.09891904865915	0.260028881525017	9.32437364722571	-0.831977754224516	0.673460226893097
"EIF4B_FORALL_044"	-0.19051360485873	2.68367954035695	7.83741131424531	-0.222464077995683	1.01708083868781	1.48021423266656
"EIF4E2_FORALL_022"	-0.878924696078556	1.09135558568351	-0.536618545207306	-1.1724379853535	0.704255799835108	-0.65183992492341
"EIF4E2_FORALL_155"	0.618164082602262	-3.57707683931934	-0.850537815363235	4.37309335416185	-4.33285013127591	1.71293211057075
"EIF4H_FORALL_045"	-1.83409320864534	3.75898492415271	0.468686691362503	-1.56629761199317	0.502304685947287	-0.775427121007787
"EIF4H_FORALL_069"	-1.20543832891385	5.98830049337018	-2.95791621742881	0.950757224825711	-1.4402449959073	-0.882635509746127
"EIF4H_FORALL_106"	-0.525554781857672	-1.97638263792078	-15.3227289216111	3.58376423863776	-2.0087903018012	-0.805704960044831
"EIF6_FORALL_134"	-1.4448129247516	-2.20105247252221	-0.231582313246549	1.48559344732353	0.986495746278186	-0.15774085383504
"EIPR1_FORALL_135"	-0.0806058538458032	-9.4225552162694	0.522022949620474	0.861975898424043	2.24890206566377	1.68356375702284
"ELAC1_FORALL_015"	-0.940206134720916	-0.352373630224139	2.88148640405136	0.153600122777752	2.28212324879185	-0.594255740447114
"ELK3_FORALL_122"	0.0302945291648293	-3.23681610010167	0.949148898876829	6.30039071570965	1.3420671551267	-1.1992535073198
"ELK4_FORALL_142"	-0.889331727670613	-2.31636263086281	-0.973263706490209	6.16990591113844	1.10798562307021	0.017463286979187
"ELOB_FORALL_041"	0.0339427388607685	-1.08288208524076	3.53552484845302	9.82421580065172	2.18612296658796	-0.0587622689250969
"ELOB_FORALL_124"	1.18518402126932	2.20381857764565	-2.42010073859471	5.77285328062898	-2.64754582501964	1.59772121991337
"ELOC_FORALL_094"	-0.250809767341477	4.85891119083182	-1.03810332367758	2.82761801582228	-2.94572663467773	-0.765746942247354
"EMD_FORALL_113"	-1.20653857498538	2.08835390474097	-5.16156598532887	4.92602709616182	-0.0949220175128365	-1.41119781962056
"EMP3_FORALL_066"	1.38790510075437	2.45054171224465	9.56973445552302	2.81500919178129	-1.46078405779867	1.30943740050546
"ENSA_FORALL_095"	-0.681088345628957	2.28663840497115	-7.17698932100856	-2.57125665509684	-0.722706184149941	-2.56447512974236
"EPM2AIP1_FORALL_143"	-1.44038836718712	-1.99529549927732	1.88099386216256	0.378008036701607	2.35354645304288	-0.213858731982642
"ERCC4_FORALL_116"	1.23308186042108	5.9508369665579	13.6508262903561	3.9246162506771	-1.16420608422474	1.76005636459838
"ERCC4_FORALL_130"	-0.841059901831204	4.1371108946541	16.9459491058635	-1.05029274397031	-1.20438230075728	0.228230517724437
"ERI1_FORALL_042"	0.121894381960564	-7.33424163353569	7.7662801660628	-4.26279399281626	0.751196059254988	1.50549818178258
"EVI2B_FORALL_033"	-0.589271426051169	-7.90282033650029	-7.47858130025123	-0.430731586197008	-2.16936938935013	0.0840900099714474
"EWSR1_FORALL_063"	-1.44427132480249	-8.02698859667879	-8.27110759737086	0.109190218839633	3.4900511938332	0.234619910878171
"EWSR1_FORALL_094"	-0.551172756205249	-5.31445000931848	-3.60684386776216	-3.15757886757211	2.42470920008386	-0.654497513248774
"EXOC4_FORALL_062"	1.44128889170937	-2.6892361601729	7.60066758103289	4.80738785143887	-0.268279002754666	2.30350993652719
"EXOC6_FORALL_046"	-2.92009721869018	-14.8048208759971	-6.46337136945343	6.8962105061856	1.71799499617327	-0.573952583953177
"F5_FORALL_007"	-0.115722372911423	1.53601074565126	4.4586656502227	0.965212356343268	1.09890357855957	3.31139025800623
"F5_FORALL_009"	-2.09307568831602	1.13017276402143	2.64544238180797	1.80964214314644	1.60757709659569	8.36945577336605
"F5_FORALL_045"	-2.5380541812387	0.828714121895339	4.8101780221595	1.31677990827813	0.607026840013541	5.3740326565179
"F5_FORALL_053"	1.30048812274643	2.71355759187572	4.68622104182433	2.3505708995247	2.65254209050664	4.96054604032387
"F5_FORALL_063"	-1.50338806496898	1.17059355428994	7.53364795557086	3.27389577714811	3.3017170127352	10.5584584473128
"F5_FORALL_093"	-8.26919688128098	0.0665142541352775	1.7575537083725	-0.388122998339423	0.347989483382491	18.63402604232
"F5_FORALL_101"	-1.78361277943233	0.411224975242516	3.0841246304509	1.23063797948952	1.135020058326	6.50248787958116
"F5_FORALL_142"	0.104627648181095	2.03219601610127	4.60556162498637	2.60346767108457	2.54393741054424	4.3146921495633
"F5_FORALL_147"	-5.36386535889053	0.160276279137221	1.91307173003061	1.36497159894554	1.1775527845	10.8251976053561
"FAAP100_FORALL_035"	0.245305724737446	-0.568357478113906	8.0333261491282	-2.96031532864447	1.48700605160839	0.37735309284551
"FAHD2A_FORALL_067"	0.890469644312878	2.10073122159715	9.65727753235282	5.09981614514939	-2.83272751080973	1.42408964485993
"FAM204A_FORALL_010"	0.127749706940683	-7.0800301481038	-0.0102013218168429	-5.64601423886619	0.682843991133028	1.57454420037091
"FAM204A_FORALL_030"	-1.33804792540646	-7.7774584962997	-8.71510307320585	-0.521782956026172	3.77891414614351	-0.660161962278547
"FAM20B_FORALL_145"	1.13688414937533	-5.58245558650301	-3.48359396121385	0.340806233980498	-2.27772242671954	4.43953818864944
"FAM234B_FORALL_135"	-0.196781916091951	-21.0516930885184	-0.561104164572106	-1.17694300117428	-0.442068442093162	2.7738723798213
"FAM3A_FORALL_019"	0.263263433275512	-0.549511927774237	7.1408759808257	6.5084687047171	0.27605885414259	1.47710410140199
"FAM91A1_FORALL_039"	0.537912622032611	1.58499563003109	8.74749945113917	5.96843686968502	-4.27102194104954	1.91093715081282
"FBF1_FORALL_042"	-1.79253317669347	-15.7750337976329	-7.34376165356733	-1.26533599360508	1.31609191707947	-0.0095499771213077
"FBLN1_FORALL_007"	-14.7546411413642	-1.92936052605362	-1.27619260068322	-0.632678994233589	-0.410504055118066	16.950668102773
"FBLN1_FORALL_040"	-15.7674003197886	-2.23657646484334	-3.56445704817497	-2.84095714391052	-1.75613850454731	17.5037120441406
"FBLN1_FORALL_131"	-15.69778221707	-1.86345862216799	-1.32160912031505	-0.727199558047169	-0.678801229024449	22.0651867252254
"FBXL15_FORALL_048"	0.238171601899495	-4.55351169389952	0.950971095973613	-1.62273521403589	-4.25740806643848	1.10324708931205
"FBXL15_FORALL_063"	1.91986879220182	2.12877084036687	14.7536361897243	2.08023477732821	-2.18096051044953	2.78112711629848
"FBXL6_FORALL_042"	-1.77193204582276	-14.0166673930865	-9.63691808253433	10.5145705076781	-1.7924504029344	0.0821827068396094
"FBXL6_FORALL_084"	0.807693907974453	-0.66059682580814	3.69540104346337	-0.0272649974945172	-1.41070601284523	1.48282088353512
"FBXO30_FORALL_105"	-2.04672673258568	4.97041271352548	-0.765138593590321	3.77834562682392	0.580585532375445	-0.302445362714677
"FBXO38_FORALL_008"	-0.126295743623491	-10.0589382506042	0.91591690226891	-0.54735921666145	0.825721165790284	1.56739454629489
"FBXO38_FORALL_122"	-2.15931743494167	-3.34997422451811	-4.81100317434796	1.34476744575283	0.362448743828821	-1.07036254395085
"FBXW7_FORALL_048"	-1.91559507531639	-0.765249553798248	-6.13836455310092	-0.485783867691892	1.70075446491352	-1.58332463873175
"FBXW7_FORALL_068"	-1.20596605152325	0.538855470928103	-3.12737562103629	6.76098323620406	0.0430207835269704	1.41697407909286
"FBXW8_FORALL_063"	-0.938273513007445	-4.25587365380926	-1.75870085880361	-3.39627853583734	3.48172363289357	0.385018266299577
"FCGRT_FORALL_098"	0.105998335990775	-4.72716523935153	-0.851000519523923	2.01913654070113	-5.80330911488358	0.279405199379093
"FCHSD2_FORALL_105"	-0.404462595147193	3.33187503180773	1.05492849825346	2.82722607740795	0.987200156936693	0.405598840474907
"FGB_FORALL_042"	-9.96826719312859	-1.09067740257757	-0.0332493520821393	-0.242828949488394	-0.324713793557002	11.7704400918999
"FHL1_FORALL_018"	-0.370851014143384	-7.81224011338671	-5.52967892835688	-3.11028260461502	-3.78430764326739	0.264437229154073
"FHL1_FORALL_157"	-0.674729087834237	-10.5930849214289	-12.3912188666493	1.84982120818649	-1.13763206328856	-0.467533117419507
"FKBP4_FORALL_105"	-1.52651220963471	5.71539790652211	7.90653973932099	1.64440559719073	-0.865487368193786	-2.15524618313301
"FKBP7_FORALL_006"	0.244569911538981	-2.42400638598302	-3.74050179169528	1.78865942511105	-2.72068975670796	-0.491496782295677
"FLG_FORALL_103"	2.6209683355927	1.97231829760065	1.38624669871892	1.20647613280045	0.618393088434576	1.33329766389893
"FMC1_FORALL_073"	-0.509581303488385	-8.8551051823003	-7.78490490268193	9.62687985515928	1.85717815006172	1.03505841803034
"FMC1_FORALL_129"	0.47616086899859	-0.544352688789995	5.44398633404814	1.33719270699104	2.74566965271418	3.21777601168731
"FMR1_FORALL_119"	0.298529156844286	-1.91807117582384	-2.16628570301773	9.62529212415054	2.05957054899378	0.0640284097872011
"FN1_FORALL_084"	-10.5091564182106	0.87791275378868	-0.861496302572312	-0.418930773362918	-1.1440877959751	12.0828834070644
"FNBP1_FORALL_102"	1.99660449718475	-2.26502995229972	8.38297543563761	6.27379231945061	0.301386212127515	2.90456424136294
"FNDC3A_FORALL_016"	0.67113741350944	0.477293553256056	0.515811349760543	-0.0929141815491837	-4.64735662748098	1.20759560551937
"FOSL2_FORALL_018"	-1.64014374717886	-4.51896196181053	-2.4078096175412	3.73980797448	-3.31254990624345	-1.29292559270669
"FOSL2_FORALL_104"	0.339734736561067	-5.05954524829319	-3.00750408178245	7.41746860862487	-3.43071880411269	1.21359458224461
"FOSL2_FORALL_139"	0.449449461320448	-9.33124502148724	-2.89603288477846	5.27145825539381	-4.03852214115629	2.12470990278896
"FOSL2_FORALL_152"	-0.300024410407001	-3.8813122099835	-5.9720545674922	2.54979418526375	-6.58580633517312	-0.391648882535932
"FSCN1_FORALL_025"	1.02598345641784	-3.55562595794241	-2.31254430214311	1.35239518559446	-2.07243674555716	-0.0135545170960637
"FSCN1_FORALL_063"	2.18353168575912	-2.31569447645027	-0.684049262634141	3.19261668386409	-0.832445986775122	-0.328904866132475
"FSCN1_FORALL_082"	1.32619144999019	-1.33470187060277	-2.65146815523506	2.2894702233141	-0.544040275696149	-0.246096884102845
"FSCN1_FORALL_102"	1.44074511757523	-3.60841671356493	-0.985195526594576	2.48235247056033	-0.764814022036495	1.65146707649596
"FSCN1_FORALL_124"	3.07838560343679	-6.48350086451919	-2.89497338887301	2.83251062381589	-2.84974684648298	0.374822511014273
"FSCN1_FORALL_149"	1.12354122898475	-2.1749729909078	-0.631996986491136	1.73960185946002	-1.08483091279152	0.567668529372386
"FUBP3_FORALL_004"	0.215025460686741	-2.86046446056234	4.26488074238776	2.3768507862221	0.526856732308293	1.60604320858233
"FUBP3_FORALL_083"	0.449063715336866	-1.67672498902603	-3.01456476672225	-0.909523416868424	-4.22868027799645	0.990017919647516
"GAB2_FORALL_121"	-0.777170059153616	-12.5596323761754	-8.7950298479222	5.67340024847326	1.8129134264854	-0.40325403873864
"GBP4_FORALL_152"	0.296536086605756	1.11551809534834	-0.788844998575502	3.60102718364285	1.02733326824067	1.86311618015202
"GCC1_FORALL_051"	1.20809108698343	5.04020398952513	8.57336696677855	4.24218707891257	2.618031932604	1.56563794994773
"GCSH_FORALL_100"	-2.35035584651731	1.75960244699116	-4.75143584984685	2.41204648965739	-1.15821563014948	-1.07207664046468
"GDPGP1_FORALL_126"	-1.04138916000705	-0.227264217407003	-13.0613586082005	3.9469368082945	-2.79841776258453	-1.93551546851078
"GEMIN8_FORALL_104"	0.663918503652944	4.37018373729203	-0.116871421036518	-1.33843868537523	-0.958042328319713	0.196672318081507
"GFOD1_FORALL_129"	-1.63516006882157	5.10013485477423	5.33243940357245	5.35800181864346	2.63009304428301	0.509687979246155
"GGCT_FORALL_092"	0.478241985094441	0.960045258819311	3.01907963417947	0.808785616141575	-0.815220898250228	0.428442860360745
"GLDC_FORALL_007"	2.45172504298721	-0.31728017274923	1.06952227042607	0.674873097079878	2.02003980338594	2.79266873434849
"GLDC_FORALL_039"	1.6592900859801	-6.61582694529982	-3.6385329866005	0.964570390201361	2.25495573717295	2.59515819302176
"GLDC_FORALL_052"	1.33433189688065	-1.00407633687593	-2.28136335230372	-1.76738389359681	-2.64782436968413	2.11811157863025
"GLDC_FORALL_100"	0.805386834399346	-9.11489475645243	-1.57709376438777	-5.00320378720436	2.71023844004681	2.09817208989743
"GLDC_FORALL_145"	0.30757975069766	-12.3965348681483	-12.016449374766	1.36680898023269	0.442145615573908	2.52456687481998
"GLI3_FORALL_039"	0.213084468258384	-3.65166096189031	-10.3600617960717	8.47994274585844	-1.08560835644264	0.802704450537153
"GLRX3_FORALL_082"	0.807975073474785	3.77988889599062	-2.68422344518895	-2.47677834069647	-3.85186466848789	0.234816902900618
"GMPS_FORALL_065"	1.75434636302427	0.0870690753410072	3.15102204875245	-7.0387960930309	0.69510856743153	1.60804258332565
"GNAS_FORALL_004"	-1.19187575315205	-13.5541049086422	-17.1084553729756	7.75247033629427	1.7252708076728	-0.387536967393314
"GNB1_FORALL_031"	0.111325490029412	-0.850200235227577	2.32416291210233	7.50803781074149	1.10563253781366	-0.426420019322298
"GNG2_FORALL_044"	-1.30669655395412	0.530915253418713	5.82097395837194	3.68228904143027	2.15587712773446	1.32973423238181
"GNPAT_FORALL_159"	-1.29854436202215	4.01205510163642	-7.66250662319852	4.72409025181467	-3.88026908004131	-0.829036610076226
"GOLGA4_FORALL_001"	-0.668242350359361	-4.7639810775537	0.677516376910933	2.63505485917541	1.85427816729845	1.08475064708021
"GOLGB1_FORALL_084"	-1.50797677510702	-4.83119944771256	-8.89956976581156	9.27666353781158	1.98611242629978	1.32019481589173
"GPBP1L1_FORALL_041"	0.617365324050922	3.38552380517708	-1.95819974303308	-3.11287543481677	-3.32187267455145	0.521060875261556
"GPD2_FORALL_080"	0.900423650945729	-7.26905164350844	-6.07947547058835	0.350910739475432	-0.280763338324836	2.56750736800555
"GPX3_FORALL_131"	-8.84624387613644	-0.969955132180619	-0.393693066374426	-0.694533039079053	-0.803189359329292	10.0616285605377
"GRAMD1A_FORALL_122"	-1.1498218327722	-3.46407643952716	-4.10578255265848	3.77069638296749	-2.68812574537815	-2.98353470701039
"GSTO1_FORALL_077"	-0.0780395064734515	-8.88596836930354	-6.86185640386124	8.03684895998726	-0.169596079649015	-0.683133631375923
"GSTP1_FORALL_075"	0.312278434798331	-0.196231133147334	5.66927946422366	-6.39081866603489	0.444957591351497	3.04969321283262
"GSTP1_FORALL_126"	-0.268700652684943	-3.16888367959722	1.25003650907969	-6.09942617941043	1.76946805190538	1.37466416119717
"GTF2H3_FORALL_030"	-0.93496182427432	-6.5854252001707	-8.85855968848766	7.48702364917869	-6.34189723427136	-0.381010099300903
"GYG1_FORALL_144"	-1.07636999799935	-1.65656411921308	-2.99426371129971	1.96738106661203	-0.19968973531444	-1.85400027423216
"H1-1_FORALL_155"	0.404994755140894	11.7488676138746	2.32074107049005	5.88499655075243	1.84449691310486	-0.205236648385672
"HADH_FORALL_161"	-0.512514480544508	-6.39018006546325	1.4091325089469	-4.13458904163835	0.800287289948359	1.69745278765927
"HCCS_FORALL_103"	0.0185955793243342	1.65730467449171	-1.97950832092937	7.76604739392371	3.09153467736022	0.609501343653822
"HDAC9_FORALL_019"	-0.971216641736959	-3.10143461813497	-5.43259961490678	-2.73106938892847	-0.795187737411568	0.0386201644574409
"HDAC9_FORALL_092"	-0.586459937924085	-5.1680150547921	-8.01611027071454	3.97818596348201	2.70111263688483	1.37315981474037
"HGFAC_FORALL_005"	-5.16881630830926	0.847641892069895	4.13422969146727	3.18397794686004	2.28268308049792	10.3952595509533
"HGFAC_FORALL_115"	-2.47543869371337	-2.2928538446253	2.11817169495438	5.18929098596808	2.76595804634973	-0.207259238990963
"HGS_FORALL_014"	0.562831744104951	-0.867768935467468	11.5533118886708	4.95128610681967	1.01754597641272	2.18669061007438
"HILPDA_FORALL_097"	-0.81492847260756	2.87763581782425	-10.1592202997328	5.80682968062122	-3.62851263896158	-0.859475240222271
"HK1_FORALL_129"	2.39893656812681	2.81392154280966	10.8478812713635	0.980812582016647	2.08788184811255	2.26880737274128
"HLA-DMB_FORALL_134"	-0.670136323180671	9.1920919909072	3.17144034728829	5.24118064502436	-0.315496585560446	-1.27359175362704
"HLA-DPA1_FORALL_143"	-2.8000916341538	6.24040791141025	-0.426509683427334	4.96437877532852	1.10499095492615	-1.2994028055546
"HLA-DQB1_FORALL_010"	-2.39883220270109	1.84117006279465	-0.52800981796146	1.96002960527384	-1.09976898824676	-1.60805916729988
"HLA-DQB1_FORALL_029"	-1.57647665996824	2.10928572514761	-3.22252211196636	2.67374150095418	-2.49023134939081	-1.92414801619674
"HLA-DQB1_FORALL_100"	-3.25368550155067	3.40842716967121	-2.59091200627219	4.15773129940246	-2.3612318863276	-0.728530104362076
"HLA-DQB1_FORALL_128"	-1.1944066452939	-0.649734881363818	-4.55024866039937	1.44378354928172	-2.78106558912096	0.223304380595071
"HLA-DQB1_FORALL_137"	-1.29418355872844	4.81957676715992	-2.35516968794661	3.3630670054203	-1.89057274886542	-0.385639055955586
"HLA-DQB1_FORALL_139"	-3.20573148155499	4.75283548990127	-2.2143609637497	3.79292810600441	0.407739072323286	-2.78324496039103
"HLA-DQB1_FORALL_149"	-2.32849547192162	7.01035362536476	-0.805406675578313	3.66234385186224	1.01479932246633	-1.01929100099938
"HLA-DRA_FORALL_095"	-2.28939554404709	-3.4094366648199	-11.0590589128499	0.257111892615194	0.684594758980776	-3.63783869328039
"HLA-DRB1_FORALL_004"	-1.04294460653238	4.67177896808893	0.870733156468159	5.43869867585749	4.45170016958676	-0.26617728826163
"HMGCS1_FORALL_019"	0.949867969913455	-0.0422206287581135	-0.834224827466756	-1.0256820427098	-2.97123379878817	0.522405505582858
"HMGCS1_FORALL_079"	1.4168967364171	1.82973263500999	-0.449843278948232	0.774434032275729	-2.97893479712252	1.09483541406405
"HMGCS1_FORALL_130"	1.03558315927685	-0.924930054492476	-1.51991995497526	-1.43074883789211	-4.2483501040251	0.373201545749445
"HNRNPA3_FORALL_157"	-0.336155198190331	-7.99194289274094	-1.36039980002938	-8.59709502677225	-1.26589061499914	0.659052413052214
"HOMER3_FORALL_155"	3.05412695364424	-5.06738803484372	0.967243707338963	2.69185891214294	-1.82781370569722	1.75603478088343
"HPRT1_FORALL_104"	-0.616934888061564	-0.68811005719967	-4.83888340723532	5.94673109938583	-0.986039164247085	-0.0160041252341662
"HPRT1_FORALL_115"	-0.999735785310664	-8.30730517586931	4.03162072635829	-1.40456745684289	3.29621947988068	0.463321127394701
"HRNR_FORALL_002"	2.61787655532391	1.83212303457136	1.271469073931	1.10586286218457	0.523500450708526	1.3530165364571
"HSBP1_FORALL_079"	-0.381529510424903	-6.69304944658299	-7.80912777650364	4.45144458924036	-1.30661039647411	1.87546498982426
"HSD17B10_FORALL_036"	-2.38126889891803	-9.79903310926056	-22.4829241253562	9.35184772914266	1.64056421221974	0.108585058700441
"HSPB1_FORALL_009"	-0.901194778718137	-11.8124365346978	-15.8618276945178	7.7383071029586	-2.39370677272467	-0.93869966421798
"HSPB1_FORALL_056"	-0.979083648391036	-8.44033188304975	-16.3495153418891	2.54830121180682	0.552300472001613	-0.983578490057881
"HSPB1_FORALL_086"	-1.04550738325396	-3.25917093968757	-9.75455300383786	6.99976071282893	1.30230101669883	0.151087059458407
"HSPBAP1_FORALL_123"	-1.43697731698463	1.00950618637719	4.13223105726772	3.99205027158904	3.03672256049303	1.57834675544889
"HVCN1_FORALL_089"	-0.448744550338836	-4.38257426062798	-3.63080661581043	7.85555912960388	0.839105582599772	0.148830640428904
"HVCN1_FORALL_151"	-1.02588843835245	-4.93107461738196	-8.86251921833389	1.36135718003094	0.234009702049763	-0.511329309936457
"ICAM1_FORALL_010"	0.371873632840082	4.81756836996686	-0.47085893315978	3.59363918388587	-1.86393797345008	0.275788361315592
"IDH3G_FORALL_118"	-1.6525799117994	-6.58036896215153	-3.14555961531635	3.40229126400847	0.71497759266466	-0.562481229971113
"IFI30_FORALL_128"	-2.67641676258957	4.80521537213935	-1.70589492340011	2.57506376813843	0.703370005735965	-0.664203242124213
"IFIT3_FORALL_049"	0.318649219876143	-1.67011584746746	1.94428231312648	3.85572748079028	1.44259286266633	0.381216764741294
"IFIT3_FORALL_128"	-0.855838368324078	2.58801059077214	0.748282731962119	3.35850167259663	1.05117022614937	-1.03173096162143
"IFT122_FORALL_134"	-2.48809479123464	-0.00425425176320803	0.240224224830039	-0.930053903993617	0.331082767495471	-3.04822016004752
"IFT140_FORALL_101"	-3.94396251410809	0.275434401513334	1.47766592308951	0.823464392154015	2.13626712620435	-2.32948935679566
"IFT20_FORALL_115"	-2.17450107921722	-0.46714188838772	2.61708731640011	1.89246171223646	2.91493038149587	-0.57800355924631
"IFT46_FORALL_033"	-3.13055196942102	0.436403026139585	1.93901296711031	0.628295727948726	1.83692662475788	-1.93466791339722
"IFT56_FORALL_020"	-3.42967189976371	-0.096268057997297	3.0478081232763	0.834905485163251	2.14967137742657	-1.88915482018776
"IFT74_FORALL_069"	-3.04733009840195	1.05470023368308	3.42898423061161	2.67815837342871	2.62909047645551	-2.62517062297669
"IFT74_FORALL_079"	-1.14264558705264	-6.17005389249041	-2.35077000914601	-6.86044394980788	0.417664430964848	0.891445277841003
"IFT74_FORALL_111"	-3.28040535806112	0.200647911044012	2.10863014997225	0.382548630021489	1.84168302531544	-2.01013182267677
"IFT81_FORALL_017"	-3.18825725885075	-0.508202512271304	2.03939525035531	0.22982790557445	1.05177875789551	-1.78410696686584
"IFT81_FORALL_045"	-3.27769117851347	-0.710920125511407	1.8937142056575	-0.0576290742321598	1.04146420086344	-1.58082439217194
"IFT88_FORALL_125"	-3.33559492157074	0.16131250753101	2.29496954318692	0.605582350777867	1.91640707815648	-1.90422659635004
"IGF2BP3_FORALL_064"	-1.79432402919354	1.72125292968866	-2.8454422543347	0.358493486987833	0.625754650196995	-2.18454866322468
"IGHM_FORALL_067"	-1.69682720349253	3.52579382227366	-2.46882851857323	-1.71003831869189	2.40316225960159	-0.609842981535686
"IGHM_FORALL_104"	-1.65037939825604	4.48937897825205	-2.03310554112652	-2.98874880926472	1.7802516468715	-0.90023410037479
"IGHM_FORALL_139"	0.480802929215694	4.78042099570456	-4.29866357491375	-0.361383263239502	-0.746209676420214	-0.634968630518104
"IGHM_FORALL_157"	-1.84897612308758	2.25080149922853	-3.29151212629183	-2.64685019111048	1.32378545117026	-0.547423453308873
"IGHM_FORALL_160"	0.985915725288964	4.30377167468792	-3.48427232300478	-1.4674063792924	0.553048942267644	1.91086255318727
"IKZF3_FORALL_027"	1.36831998486364	14.4261638954225	-3.90422788499735	2.25470306939086	1.02841094371641	0.14312184470695
"IKZF3_FORALL_077"	1.04992277002563	8.94087453717905	1.31556255448335	3.87470481280298	1.49606570996821	0.650053995601222
"IL16_FORALL_068"	-1.66766460500764	5.66402373189303	-1.12162037107309	4.48864721718598	0.44100107549148	-1.63422352546744
"IL1RAP_FORALL_052"	-2.05767873458838	3.36276757815624	-0.392117227037436	14.0666788174922	-0.474485035062768	-0.913048423067347
"IL4I1_FORALL_039"	1.93807854937926	4.11952640596667	0.507398360713303	3.20737771589007	0.783357635208317	1.1931896351157
"INO80C_FORALL_107"	-0.160601161495013	-0.55754302469042	-2.76328630334278	5.67291204097615	4.53157714545816	0.740818015349509
"INPP5B_FORALL_120"	-0.817265867709537	-6.58750916140847	-4.84649126598291	11.3573323271822	0.332461324170564	1.1741193803342
"INTS9_FORALL_029"	0.405594764017944	3.05258301061072	2.41450781191505	-5.4441754890698	-0.55298577620572	-0.466733784677434
"IP6K1_FORALL_069"	0.0593022722179894	5.65815193485646	7.21570410209999	1.14618006305488	-1.09716824000958	-0.295982224676902
"IPO13_FORALL_080"	-0.47110164940409	-5.95466854434646	4.11139148921545	2.81528152812517	0.36277628369095	3.09972663182584
"IRAK1_FORALL_130"	-0.678901840514246	-6.41526565233768	-19.01289985455	9.78681529436182	-0.105794652978343	-1.06927695691329
"IRAK4_FORALL_027"	-1.28177047848601	-6.82830438771652	4.8103719245195	7.11411844199556	2.06815195679668	1.48385643867145
"IRS1_FORALL_059"	-1.05008638972785	-8.89840632404343	-2.3933116211581	0.366333847334622	2.30351051085521	1.87727594547603
"ISOC1_FORALL_146"	2.30538772137485	4.23709874369997	10.21020421261	3.81412623638741	1.64078298619953	1.19860975626638
"ISOC2_FORALL_081"	-1.15538009462778	5.2005016057665	-1.94608932727684	2.46266461676377	-2.54236304574633	-0.459130466652554
"ITFG1_FORALL_069"	0.822272700875709	-5.42177865951066	3.12121246151475	8.44028552676371	2.76707487442663	2.30812563038523
"ITGA6_FORALL_064"	-0.87106845705839	-2.58086091459095	1.97984321501589	1.12188184762183	-2.99752787483139	-0.0344761725631816
"ITGB1_FORALL_027"	0.792521470631741	-3.25889008979396	2.56897134962586	4.80573170940906	0.583129509822884	-0.195874933082387
"ITIH2_FORALL_010"	-14.1378404787428	-0.925896392737944	-0.725088053963657	-1.22836500977875	-1.82160726239017	26.2244240890918
"ITIH2_FORALL_046"	-10.2321658603783	0.1024347907772	0.69542107978684	-0.677738895849168	-1.02912333343762	14.5168957022781
"ITIH2_FORALL_090"	-5.42205428120067	2.57458100482216	4.1375591027852	-0.645405235784353	1.80878447718478	16.8785251573144
"ITIH2_FORALL_096"	-11.0384389817216	-1.89927666951537	-4.49930838179892	-1.42688175128938	-3.20490921489849	19.2162012875638
"ITIH2_FORALL_141"	-11.2835462802084	-0.329679043605374	0.273331986873609	0.292475603428774	0.817371389745541	18.8990702376631
"ITIH3_FORALL_053"	-7.14195495325986	-0.751210280403666	-4.33686777692818	-0.167753969609549	-2.57318571290541	11.668635488244
"ITIH3_FORALL_086"	-15.8511193951236	-2.90322565106686	-4.49449908325764	-3.23878611505416	-3.09183369064361	15.0886344877012
"ITIH4_FORALL_020"	-13.2692853455185	-2.15857809037782	-4.48592434739466	-2.71020380932722	-2.84105570117731	16.4681092102385
"ITIH4_FORALL_040"	-15.0043962765288	-0.782300778688907	-0.22338918823075	-3.12165486116437	-0.922930840996279	20.6614170216336
"ITIH4_FORALL_042"	-17.0775030377298	-2.17908953194181	-3.83635125468533	-3.24547509247685	-2.75663078813275	17.0909167600908
"ITIH4_FORALL_091"	-10.9172336487552	1.83872024479778	0.508747443252921	-1.46149228141559	-0.166945095453735	13.8698455360237
"JUP_FORALL_147"	-0.47756770512245	-11.1288926154409	-6.43270908511229	-0.145212676991553	-0.467681088473757	-0.593986025082647
"KCTD5_FORALL_083"	-0.784380579764446	-1.41158604632843	2.14538099574699	2.05298963320131	3.04050518147405	0.889770407405177
"KDM6B_FORALL_149"	-1.12519030729212	-4.8312019233021	-7.02910401179359	3.46194683517728	2.03124552214955	-2.01953709806298
"KDM8_FORALL_053"	-1.10306628351097	-5.12767821564815	5.54202967903848	-2.81586607534982	-1.47877381040292	0.680999599107926
"KHDRBS3_FORALL_103"	-0.919146054341645	-6.51648882579737	-3.70900153601251	-0.377499993223203	1.56687438085536	0.142087313975578
"KIFC3_FORALL_080"	-0.13406997361333	-9.01838187725408	-13.0029599538655	8.28170919809631	-1.93083969385191	2.2531562676838
"KLHL12_FORALL_139"	1.02740937350132	3.31518267019736	4.1775376705686	-6.52898253749752	-2.01110651720341	-0.0610691971311705
"KRR1_FORALL_068"	0.891157483793947	0.916696931626802	11.082994192194	-3.96200351093443	-2.76238248709868	-0.290607224486068
"KRT14_FORALL_071"	2.79112559193599	1.7772470855169	1.32158013849116	1.0500470269782	0.548671974152959	1.74656252627947
"KRT5_FORALL_063"	2.65055663490329	1.759815990288	1.27005136842871	1.04600226218488	0.517348567062053	1.54120705217164
"KRT5_FORALL_082"	2.53712189756827	1.81476585319951	1.26694806126637	1.02982922697966	0.527643623352667	1.38527736767121
"KRT9_FORALL_079"	2.66846937147629	1.80971112663583	1.26931823600035	1.07901460322121	0.565482179093124	1.55595438298726
"LAS1L_FORALL_023"	-1.94148950501055	-11.9212593540728	-15.5372417441902	6.26425961450008	-4.66647219250982	0.935041796545818
"LAT2_FORALL_009"	-0.726044928078532	-12.7737058739364	-4.70230068674078	0.793342547026528	-3.67635503836968	-1.86395367852401
"LBH_FORALL_037"	-1.06729366151484	1.65379786625627	3.14669398249462	1.28177046654205	1.93334944645669	-2.48589525848406
"LCLAT1_FORALL_034"	1.30735743652268	-0.613195246496729	11.1018620028837	0.817693617746333	-0.962170147421321	1.3301072093066
"LDOC1_FORALL_039"	-2.2862012165072	5.97778945333714	5.46890673981184	4.29613313705636	0.859440116083778	-0.604563088326182
"LGALS1_FORALL_006"	1.79654538594135	-0.782232624483729	-1.08925615484517	4.25240023161809	-3.87513169155513	1.21747766355038
"LGALS1_FORALL_019"	1.25611668811818	-2.72460981997445	-5.64777828023611	1.85790252806118	-1.62433018779956	1.46864506046304
"LGALS1_FORALL_020"	1.4031296977123	-2.0253996285893	-1.93866575883899	5.2240659512919	-1.0159451498833	-0.276435605182473
"LGALS1_FORALL_078"	1.3447854663888	-1.12275536139319	-3.64031991264621	2.48284149395624	-3.95888777603334	0.44319569585264
"LGALS1_FORALL_098"	2.37562192832805	-3.41288689751898	-3.0763683361871	1.77687817556766	-3.16305966602882	0.985620898392546
"LGALS1_FORALL_106"	0.813888723640136	-5.13032377669185	-5.72680850839502	2.72162898426336	-2.86373238344818	1.26478780380541
"LGALS1_FORALL_112"	2.01757517156858	-1.36193235129742	-1.40959683054271	1.92013346425933	-0.868585955411243	0.453468678220876
"LGALS1_FORALL_129"	1.90335934097075	-4.1636005885955	-6.88928076888061	0.637702015175272	-5.37932333811482	0.798448626899093
"LGALS1_FORALL_146"	1.80577668315058	-3.0321712970843	-3.37024760237343	1.66440666971627	-2.60074903927135	0.851444280563913
"LGALS1_FORALL_148"	2.32706683231696	4.76135374595953	-2.82342119556594	3.17527423014181	-1.23863805487457	0.822365010062409
"LGALS3BP_FORALL_010"	-1.08157804171851	-5.26733418292391	2.2617154628022	2.73002061166904	-0.619869993139137	-2.33699753349758
"LGALS3BP_FORALL_018"	-0.809048845707836	-5.15718230974519	2.99650693548194	1.62594553183033	0.933122080276982	-0.545001755019665
"LGALS3BP_FORALL_150"	-0.493234107937621	3.78333753594548	7.45730384774555	4.89087592033464	1.93925409803532	-0.0747713882201595
"LGALS9_FORALL_003"	-2.26372537907301	0.00446245773325263	-9.7189311910444	15.2781465318165	0.322266483708641	-0.430924648634746
"LITAF_FORALL_093"	0.641470524230478	6.5481040580202	3.54691364764318	7.20259325190168	0.741878106517767	-2.58737817038662
"LMF1_FORALL_144"	-0.650078042862594	0.0736139704777686	-1.37165339569752	3.26834769289327	0.0761872406699999	0.0174978076446906
"LMTK2_FORALL_104"	-0.930112302063123	-7.88372345185989	-1.76148647430731	4.44635021990134	1.15221388790453	1.33720438253241
"LMTK2_FORALL_143"	1.57495238173591	-4.43506864690222	-4.24732810550932	2.19506425283731	-3.69343646501222	-0.316537067532767
"LNX2_FORALL_061"	0.291860441723517	-8.21261825568496	-0.428834931858781	-3.85210025849411	0.743670606352095	1.56729924072806
"LPXN_FORALL_088"	-0.00386603025411166	1.17058412787012	4.02199817401351	-0.69603711052403	0.8451753687602	1.43553317880083
"LRBA_FORALL_057"	-3.1332893977637	2.88320226600216	-9.35339133720972	9.07390780957225	-0.626994361525657	-3.02903350719251
"LRCH3_FORALL_037"	1.11087429153293	-1.56071439388536	12.787033908747	4.90111854636354	-2.26477856054164	-0.769313421177476
"LRFN1_FORALL_091"	-1.90198864966509	7.15012515386892	-0.150452445814295	2.80645621515863	-0.535136013476506	-1.01786692781052
"LRFN4_FORALL_110"	1.53324576546886	-6.97532660014576	14.4683037876584	7.35604748112717	-0.318337731559516	1.31557795972818
"LRIG2_FORALL_089"	0.862694539962402	2.3068676962293	4.18354574172514	2.85516285050697	-3.56358448062444	0.461809338402045
"LRP1_FORALL_045"	0.0463179129092335	0.606006550303997	-2.31380822939731	1.69272266629302	0.00416555043971869	-1.52426100985923
"LRRC28_FORALL_058"	0.775062151179141	0.903931198911807	0.20145882888987	-3.5646381338103	1.41986918156791	0.263176416675733
"LRRC40_FORALL_050"	0.28513435736857	-0.468109011937632	3.28760858050039	-8.40089961784301	-0.406893062936046	0.802403445720046
"LRRC7_FORALL_032"	-0.552287069828626	-1.91878906390301	-5.07542862057094	9.97201535027506	2.12471884739585	0.152332389402238
"LRRK1_FORALL_048"	1.37365882826623	3.67335076538692	7.14890615451689	-7.00924394242686	-3.16997582167967	2.45732179191699
"LSM11_FORALL_085"	-0.539506795889329	-3.03585286898752	0.417059625243794	-2.53749461833977	-0.899619352362891	0.962814886017073
"LSM11_FORALL_088"	1.34276752442395	-0.526529663392955	5.85247508423193	-2.43213863496719	0.147688311946256	2.91470937293228
"LSP1_FORALL_045"	-1.3031535755013	5.72251705749485	0.939447036949796	1.46955207152124	-1.7745649442089	-2.38034688172646
"LSP1_FORALL_090"	-0.331641889082989	3.92809406955646	1.9801753909872	2.81148225328567	0.0424495531924257	-1.39897161680373
"LSP1_FORALL_092"	-0.57947777596148	4.39742412069338	1.61196798594192	2.37878136043947	-0.348245263856389	-2.2397090063676
"LZTS1_FORALL_012"	0.848904442129601	3.69964108237766	7.82998767638258	1.35036500504835	2.62574340334807	1.86620824309484
"MAGI3_FORALL_146"	0.820075035593012	3.4637615232173	7.21272326076323	5.02257520020678	0.22107531082634	2.11745065560964
"MAP10_FORALL_062"	-0.701631666485206	-1.17398453518369	6.8083244873129	-2.06100343839386	2.07499315194002	1.34351568470347
"MAP10_FORALL_114"	0.428911923424263	-3.3205398954476	8.98228606489637	-3.35636359626279	0.469412767824543	2.12152628575088
"MAP2K7_FORALL_077"	0.685529695097437	-13.2480711073022	-1.30322768665469	1.8808087879834	-1.21016654048172	3.89078111597129
"MAP3K7_FORALL_013"	0.587517142247309	-3.83292708538299	-4.74682575731874	0.126036611644996	0.585071705277386	-0.282948209483234
"MAPK1_FORALL_001"	0.585326494434992	-1.87566899246376	2.27385512736441	8.76406037395756	0.987361750835804	1.26667737234903
"MAPK3_FORALL_006"	0.637064320731049	-1.12337263506301	3.0353071299282	6.75974900395624	-3.53377190208355	1.19832689172535
"MAPK8IP3_FORALL_038"	0.141614978520314	-1.39463331116181	4.23124027506583	1.13879160262323	0.189651049054906	-0.761080546936748
"MARK3_FORALL_091"	-1.56556648274702	-2.39290953847344	-4.13498859271184	10.472814165589	2.87618104776117	0.849313053391752
"MBNL3_FORALL_115"	-1.23632120086054	-3.00044872645696	5.17959186252983	-6.03865802632965	0.752017514766118	0.944000195948421
"MBNL3_FORALL_125"	-0.776378651207606	-3.27883115609341	0.134541694542268	-4.83532190624596	2.26990199062372	0.142420879038417
"MBNL3_FORALL_154"	-1.95683745466172	-6.32046666377156	-13.3842920127026	2.10871794600338	1.33554238378043	0.210732338637091
"MBP_FORALL_031"	-1.83379625885647	-5.33084794820384	-5.05501024099931	2.24706004184835	-0.609702462607109	1.22609583481637
"MCEE_FORALL_110"	-0.121755921297458	-7.76386510911574	-10.0037817228502	12.0517179577159	-0.630170230539005	-0.678019426553649
"MCUB_FORALL_150"	-0.640821326567572	-4.55710704707597	-1.122107305198	-2.81299881432215	1.8425244294548	0.483273264369711
"MELTF_FORALL_032"	-2.26642818335711	-10.1179504146488	-6.78965180507314	1.23169724450269	1.156491108728	-1.21687260026163
"METTL3_FORALL_079"	-0.323996511818343	5.32799995626902	7.79490607361945	5.53680178885932	-1.56268566039727	-2.72211936167119
"METTL3_FORALL_092"	1.26291309829645	2.23063954777554	5.43754899084646	8.88306134789311	0.463203451481058	-0.0678024454720696
"METTL3_FORALL_107"	2.44881743160364	6.64870048440461	7.1792342898564	4.69239209896825	-3.39939266459987	0.903451527138794
"METTL3_FORALL_108"	-0.0709915166923525	5.46241796992814	14.355119082589	6.58460060413562	-1.39493098182751	0.554424455834704
"METTL9_FORALL_006"	0.0564579498178413	-1.20577615255898	7.63735472273953	-5.3349254326447	1.60932759480901	1.60149834384415
"MFN2_FORALL_026"	-0.606602756519782	-12.0456904019687	-4.88423874210547	12.4167382370702	0.37727563593949	1.700176158714
"MFSD1_FORALL_159"	-0.873595166237001	-8.18006761839104	-7.68632843359321	8.18002627786019	-4.06914435285024	-0.851271030276116
"MFSD3_FORALL_106"	0.930919862077959	-4.06544328714188	-1.30683340482697	3.3512058111334	-2.51096523845427	-0.418439871105481
"MFSD9_FORALL_119"	0.538040623777195	-3.03471800279854	8.76045086287284	-3.03901779221227	0.903986957603391	0.945118825328548
"MIA2_FORALL_108"	-0.506391234908316	-7.09546767942475	-19.2667685198823	10.3303231353669	0.908913905856647	-0.805845989524326
"MIA3_FORALL_014"	-0.0163202262733846	2.29088648299668	4.12489780638691	0.983933199689256	-4.72065647031672	4.53554710114743
"MIB1_FORALL_051"	-0.161824506697022	3.1420841848418	-2.73307087918041	1.47137545978741	-4.57949464251962	0.924452025450987
"MIB1_FORALL_054"	-0.804169775181503	-3.40070600651118	1.25873729221924	-3.37030695004265	0.993644701066779	1.33436402470862
"MIEF1_FORALL_071"	-1.72705378586602	6.52574124025842	-0.975591477661936	3.26430067885755	-0.0599037551784714	-1.12588709669922
"MIEF1_FORALL_105"	0.0376754713770636	6.65232732100661	-1.74126726103101	7.55101090656048	1.12529628516353	0.179832094933002
"MIGA1_FORALL_031"	0.0258934863729551	-2.57671858679879	-1.84300213190909	-1.87570955757566	0.433680401097594	0.45370099947285
"MIIP_FORALL_021"	-1.27488982405658	-3.78191204870528	-0.512134132587497	0.556132105497555	3.42498479381521	0.38536819271084
"MITD1_FORALL_075"	1.16585607338667	5.40432176476081	7.01487085157076	4.76753550351499	-1.78841062755393	2.57029487138006
"MLST8_FORALL_066"	-1.39150224567959	2.56723331245424	-6.83568379565007	9.45905612902474	-1.41507246675937	0.491263825776063
"MME_FORALL_043"	0.143892720124318	-4.39499135557745	-1.26894306042557	8.09366289157182	2.76758597576934	0.433147084115237
"MME_FORALL_091"	1.38842118210316	5.78331105972775	0.242435059694591	4.98789545639323	1.72994433279353	1.3507448531221
"MME_FORALL_100"	-1.10414023179778	-3.55718751792367	-3.08322630452578	1.93652026100682	0.334346226295397	-2.28345479730197
"MMUT_FORALL_159"	0.853468139628347	6.03394991719277	12.8241651186959	6.2312716253833	-0.838891564340494	0.0328956997481728
"MNAT1_FORALL_019"	-0.814576774760476	5.14729348092012	-3.40098168741307	0.000984232348163847	-3.22056067078493	-0.881424816561488
"MNAT1_FORALL_034"	-1.91514326804817	0.646816579607774	-9.39247689770878	2.51120016610983	0.028088106375912	0.260603642150312
"MPDU1_FORALL_029"	0.838945563010599	-6.22543035149506	5.16850765882477	8.52725026825866	1.02821989435374	1.12004720972082
"MPP7_FORALL_106"	-1.48135003529284	-1.61199234469431	0.452818395176696	0.0758309609681568	4.53294524022487	-0.302139992732475
"MPP7_FORALL_131"	0.0971118960162098	-1.36937141630679	0.385671827970704	-0.763891839636969	2.73697264275433	-0.983888552367314
"MRE11_FORALL_117"	0.842198116085096	7.74339539736688	4.10934185822896	5.17693119772448	1.637099143555	0.40117165054143
"MRFAP1_FORALL_040"	0.25774941857781	-0.272021549785029	0.176423056852975	-3.16398524426135	-1.2577467951345	-0.711216721570832
"MRPL12_FORALL_135"	-0.565078585555483	14.7120587526724	6.23085020673802	-0.864137695858674	-3.83688797918544	-1.84283066906629
"MRPL2_FORALL_160"	-2.28081287881583	4.55675232053005	2.54032368802766	3.57021688301272	1.99800946830315	0.843601273623287
"MRPL20_FORALL_024"	-1.48356165190134	9.39613842529121	0.215958306495052	1.946858760195	-0.116019916542531	-0.821175923691717
"MRPL23_FORALL_092"	-2.15481647769129	4.19265230821137	0.412875045173216	1.59063109900836	0.713586288695619	0.10945220203948
"MRPL24_FORALL_106"	-2.52802133847136	4.34784727333586	0.990592623329795	1.97949091092902	1.11499757697844	-0.216109084614979
"MRPL35_FORALL_160"	-2.56771287594072	4.72627915036859	-0.297939939371083	3.14139793148401	0.332150404076745	-0.353757112177975
"MRPL41_FORALL_100"	-2.29533179431832	4.63654780240167	1.48890002276586	2.49748563648995	1.39623766983883	0.102683603796342
"MRPL41_FORALL_117"	-2.56534719146201	4.53574743380602	1.36651914516369	2.50660345763762	1.36778845251418	-0.107249805118064
"MRPL52_FORALL_008"	-1.58095763143425	4.94612445630451	2.41103331146137	1.91803952374308	1.03222085439127	-0.135251488544038
"MT-ATP6_FORALL_036"	-1.53288108078774	3.24936253775641	2.40156840947766	3.46997542341588	2.23830219486793	0.833674097765132
"MT-CO1_FORALL_032"	-2.64625530469424	3.18520651676545	1.96882403582501	3.72276757840702	2.00531977154588	0.449081544879604
"MT-ND1_FORALL_094"	-1.48160542478749	3.17990341063628	2.09837198695878	3.57802980988423	2.02737780252126	0.779643463829943
"MT-ND5_FORALL_039"	-2.4469978275362	4.30743405786085	1.75417007831048	3.13642309004434	1.61410038871143	0.533879676905393
"MT-ND5_FORALL_084"	-2.09415700534693	3.47395949469424	2.29708655600206	3.92845309324649	2.16077419476712	0.842493238787174
"MTCH2_FORALL_063"	-0.404648428033173	3.16481640223384	-3.5295288042094	3.99184669166281	-4.63779245887104	0.410917927372943
"MTCH2_FORALL_099"	-1.0082271534433	-5.27430725375725	-9.2558581248232	9.22622281770765	2.61175600798674	0.480501466766318
"MTCL1_FORALL_030"	-0.797746879290897	-2.83867164680978	1.2341860522865	-1.29539802992087	5.46036023695579	0.824046886332681
"MTCL1_FORALL_131"	-1.52875535793018	5.64707803297549	-1.48364337034413	1.53247021288681	5.87082052754344	0.363759028823772
"MTRFR_FORALL_041"	-0.283915657545568	0.78961502623669	0.00488850458994656	2.17026393244185	-0.532366373386154	0.55869683823999
"MTSS2_FORALL_021"	0.902176928260522	1.93391862710041	-0.677937399952272	-0.121567251970546	-5.28139863424732	0.378362757338658
"MTTP_FORALL_070"	-1.64896112919667	0.0040955334353532	-7.71275152023512	3.11893285637756	0.924399585562872	0.268001050335812
"MX2_FORALL_077"	-0.142089126043295	2.74066730515249	0.718474633522123	3.05171223283776	1.04155574738957	-0.573864491482787
"MX2_FORALL_105"	0.16580840847407	0.49559752676859	0.498079478362656	3.29775846954284	0.950440922362623	0.232415317043233
"MX2_FORALL_108"	-0.333812517257945	0.494210880706988	1.42317558764107	2.23015102225627	1.20266136220012	-0.506783714367298
"MXD4_FORALL_020"	-0.671961852657039	-2.38848073598118	10.8640042386535	-2.65510494586759	0.658962630035724	3.81697013816096
"MXD4_FORALL_087"	-0.855106276295291	-0.622966977753622	2.43395599970729	2.0289095320983	0.208970042881046	1.4291534973249
"MXD4_FORALL_163"	0.504891407120256	-2.45185074422496	3.08072958286156	0.266798697092386	-1.20185224397761	2.60516681547861
"MXRA7_FORALL_028"	0.77384711974878	-1.47282444382624	-1.69959678400787	4.24662452730347	-1.55907616343377	0.454918270634576
"MXRA7_FORALL_051"	0.592034561220953	-9.23428936763953	-7.36250460973473	0.620287332425571	-2.30033473424556	-0.146789048523863
"MXRA7_FORALL_082"	0.459336784806459	-2.44745684217066	-1.26092555736888	1.01132398608812	-1.00543186345113	0.36653276010782
"MXRA7_FORALL_098"	0.235086635628961	-3.85172693273003	-1.44398438328974	1.77162709962578	-1.75616574974558	0.786335165216583
"MXRA7_FORALL_122"	-1.19163424782458	-1.42405788576044	0.655039098136989	6.68944140042493	-1.84198165624529	-2.15936421927491
"MXRA7_FORALL_127"	-0.642971131350727	0.682303740956018	-0.0932740718767388	7.31681530264118	0.314957194521458	-1.26472295028954
"MYD88_FORALL_112"	-0.959543343123509	-3.35664221674371	-11.3002977966474	11.1078718988277	1.39694269144343	1.62520825577264
"MYH10_FORALL_098"	-1.34754522943717	-4.6327975165722	1.43822939256297	0.0754335424466081	2.26932572974568	0.344876007753256
"MYL4_FORALL_020"	-1.09328631333236	2.4813416960709	2.95069631484563	3.73432763360541	0.779580288888266	-1.29299976452261
"NADK2_FORALL_078"	-0.951308326848301	-5.65424920408418	-2.6957658538034	1.06624402303841	-0.982697983478032	0.0219528255447321
"NAT1_FORALL_028"	-0.0653941367530609	-4.47461415886083	-0.161666353117078	12.1606965193808	-2.21484055812963	3.0931732435077
"NAV1_FORALL_107"	-2.04834674441897	-5.3929217594868	-10.8538893886477	4.17398072922159	1.2566107643688	-1.20671133995505
"NCKAP5L_FORALL_064"	2.16433327632614	-4.47907589076856	7.89563563482331	-0.227291954086806	-1.20091052913074	2.74569549208963
"NDST1_FORALL_018"	0.957685709586138	0.355049389390733	1.02709739600828	6.89701475311411	-1.52861833167489	1.33819838594954
"NDUFA12_FORALL_051"	-1.93240139182424	4.41429416303177	2.94237674568182	4.33435003964056	2.34881218350618	0.656584039139658
"NDUFA4_FORALL_142"	-1.37998040971801	5.77628222911722	-1.91078776462734	0.750060934141296	-1.29645316546743	-0.373115197019002
"NDUFA4L2_FORALL_077"	-1.51042775060681	10.1244360477615	-6.18396771510198	2.33859115238157	0.178985068996366	-1.46676272960776
"NDUFB2_FORALL_091"	-2.3607633601698	5.3160403899926	2.75379752162846	3.48086617074834	2.02389135231958	0.117745075471333
"NDUFS6_FORALL_078"	-2.47981882986689	3.98907003434727	1.66017983859216	3.0552420562841	1.9493202936203	0.0742830260344568
"NDUFS7_FORALL_016"	-1.69468879610667	3.12370319192429	1.55597715919844	3.32687420596557	1.21973841367306	1.13765540063197
"NECAP1_FORALL_096"	-1.1406785473304	-7.89445308969841	-14.6454253648837	1.57712964360655	-2.48441820940807	-0.0184165325793271
"NECAP1_FORALL_122"	1.97163167067487	1.59810139527004	5.54240966272707	1.82916635036358	0.615121038396237	3.2888722242551
"NEDD4_FORALL_077"	1.38635665060462	-6.14773519267117	9.63210238305927	6.85588217397379	1.02439032021283	2.96178387908935
"NEK1_FORALL_149"	0.673812572205589	-2.19597187761051	6.17434365704093	2.99117355849812	-0.250551575454383	2.3668241140731
"NEMF_FORALL_151"	-0.448429096428716	1.2268919497925	-3.77672906802606	5.74511595591175	-1.88060788942086	0.826321577336843
"NFAT5_FORALL_071"	2.37674462962688	-0.64212995909803	3.31406784508064	10.1278936948503	-1.72265999782033	0.733299916790879
"NFATC1_FORALL_039"	0.0043445060373058	-2.67403958261961	-0.124960651935204	-3.38308598381998	-1.08751496520557	-0.0723879813384578
"NFATC1_FORALL_052"	1.15666998025812	-5.20844705453594	-0.839685755458432	-2.18787376348033	-1.00334954263591	2.90221695111703
"NFATC1_FORALL_125"	0.757684349167021	-2.30715505781896	1.95880923043461	-1.02278682754318	0.888465198348949	1.42564776233766
"NFIL3_FORALL_083"	0.902254442155061	-6.03976030975493	-6.9904165085462	-5.34596046375717	-2.34430808951753	-0.144906281130038
"NFKB1_FORALL_150"	-1.07498056866694	-7.11636508247241	-13.9745745687866	4.72017740783428	-0.00552175146838555	-0.0761051138860703
"NHEJ1_FORALL_040"	-3.41488551910678	-4.31418167080525	-6.09663660828132	-0.274249241047436	1.9688027074172	-0.695415713780258
"NIBAN2_FORALL_035"	1.44099393792428	-5.52818650935188	0.0734046103369985	2.00180486560244	-3.53819917087801	-0.374182779979216
"NIBAN3_FORALL_157"	-0.107534448003876	-3.88701044826318	-4.85329366198107	0.394614549705537	-0.93996185091722	-1.33360922036258
"NKAP_FORALL_106"	-0.343298110343368	4.63626979064969	8.51549689781263	-5.63144087842341	0.221461323242127	0.826635966637097
"NME4_FORALL_110"	0.13059471725836	-10.3836669786184	2.90364938763131	-5.06574040100568	0.965304086537174	-0.614967951402799
"NR3C1_FORALL_071"	0.780678084392217	-0.702359421437099	-3.62284831720583	1.98915619785221	-0.833597953284875	2.06387350471907
"NSF_FORALL_148"	-0.288857610714652	3.18589296254704	-4.19037898562292	3.93867222004795	-2.81251119240788	0.0153758419146102
"NSFL1C_FORALL_094"	0.819331740047564	-0.24755859648241	11.3326944965441	-2.38660989880952	0.884743580920243	2.72487069843216
"NT5DC1_FORALL_008"	-0.556014835358861	19.1308708846377	-0.0563383244682961	2.84557214491268	-1.45132721323079	-1.15238826927886
"NUDT16L1_FORALL_142"	-0.899147460490497	-4.4847480355001	-8.66722152493386	12.6231712415257	-0.383355711659055	-0.357493897270233
"NUDT2_FORALL_058"	-0.725572437231936	-1.4147248336638	1.86058554033312	1.21190537949879	-0.677471025513136	1.16121575137566
"NUDT5_FORALL_123"	1.35748645848703	-0.830473505851956	-3.32242169128132	7.04661351999934	-3.99560427172489	0.991935014784833
"NUDT9_FORALL_083"	0.434425017954705	5.31744733442466	-3.44416008596658	-2.116283882996	-3.59819515347868	0.293047283242137
"NUP37_FORALL_132"	1.63274035430492	5.54896038839437	5.47873593186921	0.670522616744012	-2.45277948327922	1.72120783944893
"NUP58_FORALL_048"	2.00022509422674	-2.86564421267724	7.92784621731795	4.06598148231289	-3.02048051561309	4.44680672190941
"NUP62_FORALL_033"	-0.557186326008994	0.833856528153519	-4.39911676153792	2.07024501313679	-3.11045270891975	-0.205284847155306
"NUP62_FORALL_161"	0.647576570398323	3.84776792595312	6.76639392046306	5.09879485419235	-0.969899564454143	-0.715922911079183
"NUP98_FORALL_156"	-1.86237414094635	-3.08014745835383	-4.71493951803642	0.329306091165953	2.08314396429941	-1.22237281997573
"OAS1_FORALL_026"	0.579541681041783	2.77880482847617	1.64236143836329	7.32315410231616	1.78807744257141	0.252484747000353
"OAS3_FORALL_100"	0.484324272726351	0.873207124004101	3.78542583446451	2.27584339070894	-0.575442027126406	1.26211545635071
"OAT_FORALL_056"	-0.362949386964206	-1.05010650592243	-8.71734066338961	-0.483579766130291	-0.426744084072983	-0.775273330652737
"OLA1_FORALL_031"	-0.681637371080075	-2.11182853318322	6.21735845519491	0.434169893583254	-0.814148480076691	2.67844168595485
"OR10J4_FORALL_018"	-0.566079534119415	-5.15507451812966	-0.513932063495294	-1.298681727704	2.04555345530859	0.935833450865392
"ORAI1_FORALL_099"	0.137177161108495	-8.72589359626383	2.61390870318732	3.12121247295926	-1.11268094504199	-0.87969496542123
"OSBP_FORALL_131"	-0.623375686158032	3.75578510303433	-0.601674599468437	8.00542255409498	-2.44808182984699	0.777063317594851
"OSGEPL1_FORALL_096"	-0.780395325734099	-4.92394016088374	-7.3546722900101	6.78132000858246	-5.63583790855379	-0.348683214848341
"OTUB1_FORALL_141"	1.20793769560797	0.561034050563124	1.92536308753251	9.01078339049829	1.03048076570355	-0.12057027366612
"OTUD3_FORALL_119"	-1.80032602321849	-0.567433211026908	-7.65359485273146	-0.264282246363303	-0.215637858203852	0.144980031894552
"PACC1_FORALL_035"	-1.37361798236112	-5.80992632901773	-14.3157699702681	3.11271301705947	-0.838448646176075	0.82682390166749
"PAG1_FORALL_111"	-1.71497489628995	-1.4981892854279	-1.03656893854991	3.83070877849364	2.38942727983772	0.204152885263113
"PARG_FORALL_013"	0.677017077448383	-4.56741632418279	3.12167960443552	-4.96121750087146	0.994271883688219	1.15856527949249
"PARG_FORALL_025"	-0.515251209572673	-3.84655116082958	-1.80099222485562	-1.79205942642645	-0.338428717033224	0.928178800320435
"PARP8_FORALL_045"	0.20274024116274	0.315754723885212	7.13661355656057	5.93546371029083	-3.76278818747077	0.193954037199906
"PAX2_FORALL_139"	0.281060522517713	-8.73667822467738	-0.760847712172327	0.579691757104227	-0.0577391058268013	-1.91853708445847
"PCBD1_FORALL_044"	-1.01652001050766	-10.3897003818305	-2.13902565217043	0.23002282456557	-3.89172127715979	1.25213389743825
"PCBD1_FORALL_051"	1.80241865809574	-5.29711009790921	-2.27370229272326	2.23725563117128	-2.27110693313405	3.05902181546386
"PCBP1_FORALL_080"	-0.135168200092576	-0.63268943824641	3.00860296523727	-1.73739688280148	1.33856471087858	-1.29274720372922
"PCBP4_FORALL_014"	0.660831040184118	-2.61662362952063	-0.629901080412286	-1.78100366141467	2.05329186421719	0.162791385090279
"PCID2_FORALL_025"	-0.552203810666664	1.0865639581875	-2.75075513956267	3.03887211053547	0.915090433629193	-0.74896018624392
"PCM1_FORALL_117"	-1.07562723730502	0.542757249842939	1.80264250307638	-1.8050043511672	2.40672049221868	-1.56277605945988
"PDCD10_FORALL_004"	2.3969354721499	-6.71924570568041	6.89118408087914	5.46068101468242	1.21022799331818	2.35988011397999
"PDCD6IP_FORALL_068"	1.01934197938887	2.14906558715965	6.15956716847473	7.26367083996965	-0.385725325004293	2.19210270680738
"PDCD6IP_FORALL_070"	-1.96886455949621	-4.77099482443065	-13.2801694103261	7.46676510503077	-0.22683477611071	1.45453291342533
"PDCL3_FORALL_124"	-0.67288802614127	1.7963690234769	8.71344612230735	-4.33107064934511	0.181539000810248	1.44301224596353
"PDE5A_FORALL_033"	-0.922480157479105	-1.68263092766107	-6.06639253473854	4.49386034457588	0.926628300593631	-0.842898281679893
"PDSS2_FORALL_039"	0.493649535060644	-1.08703132221747	-1.97583268697946	0.918423390697584	-2.35107692644046	0.34408004632839
"PDXDC1_FORALL_108"	0.737116138701303	-2.00117718375814	-0.924321119251173	9.26655640856823	0.0218538450571415	1.45707499132987
"PEDS1_FORALL_063"	1.49131322270101	-3.95461753281487	5.32258246325386	4.1394518497652	-2.52300336639198	3.7607313561892
"PFDN1_FORALL_105"	0.345883906740322	1.83776388515582	1.96638894213405	3.23444878884569	-1.22668052288309	0.998326427874314
"PFDN2_FORALL_105"	0.098248417301299	2.64115325510258	-3.08798821477275	3.24317719203352	-3.56079157357665	-0.12524765059947
"PFKFB3_FORALL_085"	-2.19948880399605	5.00174736002605	1.83379657135972	2.70312031568421	-0.390981141475466	-2.2043322000852
"PFKFB4_FORALL_025"	-1.56748478034083	-0.288954712280361	2.48366665636157	2.98916462770369	1.06220828486755	-2.44964063875072
"PFKFB4_FORALL_076"	-1.01069048184997	1.60046550579691	-1.26874160500225	4.74028265928258	-0.492205966697474	-1.70238818932633
"PFKFB4_FORALL_094"	-0.165261696689188	1.80032871089769	2.73753358591805	3.02910189279468	1.46265826496827	-1.64383140641799
"PFKFB4_FORALL_149"	-1.18374236186443	1.06753403606558	2.54310921720291	3.20713115038326	1.36383155680496	-2.85528666459707
"PFKFB4_FORALL_163"	-1.32415705954723	0.533628158183899	0.477122076581622	2.00345466956665	0.616123069322015	-2.24358520550752
"PGAP2_FORALL_011"	0.57901404276877	2.21494875936217	7.55963647833848	3.40340953470313	-0.24296819923086	3.6463299019511
"PGRMC2_FORALL_107"	-0.568456885428909	-5.45233930428941	-7.48647931429028	6.30489306445135	-2.14056454359346	1.49171525057515
"PHGDH_FORALL_139"	0.691079045339368	0.943997777292146	-0.641393829863453	-3.50984197420994	-2.71803363756871	0.276093060164442
"PHIP_FORALL_105"	1.25299111502846	-4.84182023466094	5.91606349986169	-3.20018579647335	-1.44406677606079	0.827720237991947
"PHKB_FORALL_117"	-0.773116068783803	-12.4103279360622	-8.23205022984198	7.25935506598443	-4.36113846230704	-1.72987712733568
"PI4K2A_FORALL_076"	-1.27347780034251	-5.54675472361761	-4.42878435972335	-0.204059382936189	-3.10483271329005	0.540439511612005
"PIEZO1_FORALL_003"	1.99076795971246	3.87750985914679	8.02849455362583	0.761371806169568	-3.83448160616282	0.342612313610408
"PIGO_FORALL_022"	-0.44710026179238	4.92789663149458	0.108380495921665	2.81869164219824	-2.1784755327632	0.540506812964449
"PIGO_FORALL_099"	1.57922904991592	0.494115875849808	13.4720882150809	2.3245151453652	-1.80944142118459	2.14712777216486
"PIK3C2B_FORALL_142"	-0.52861141035724	-12.9719456299042	-14.6685065753318	2.79258498239963	3.00883534570526	-0.0695051186795885
"PKN1_FORALL_103"	0.438218785906504	1.66388575522954	9.75578905841011	9.46096218527544	2.3654441491802	1.36804544157996
"PLD4_FORALL_055"	-1.10645264252381	2.97889618262765	0.267209957711743	0.0822153196007089	1.69472187833589	-0.174731320685363
"PLEKHM1_FORALL_004"	0.642156460877332	2.9982306307845	13.1284287078055	1.42029875236156	1.40704805537268	1.14377258586838
"PLG_FORALL_016"	-4.71602893950794	0.70122437954907	0.0450486286029537	0.309572174215943	-2.61885562361419	13.8993972143341
"PLG_FORALL_035"	-13.2412959698601	0.287088796715307	-1.02042866378494	-1.56654100691676	-2.7792172528053	25.3549088147002
"PLG_FORALL_041"	-7.71773982986412	-0.553037119980235	1.1180325260998	-0.782979695793407	-0.336514493513295	19.1656616533343
"PLG_FORALL_073"	-14.7155172952854	-2.17295905224598	-3.60591472956492	-1.63677803950527	-2.56481407996583	23.8065425105351
"PLG_FORALL_125"	-0.186294278334358	1.43648659476128	4.6985463376528	2.22808846910552	2.5397175890035	10.1245722532055
"PLPBP_FORALL_158"	1.71781151861157	-11.1991784193748	6.72294603951823	7.21213314960564	-0.40799465558792	2.87890760969517
"PLXNB2_FORALL_108"	0.217121638602129	-2.57983355966496	-12.2628737622162	5.38854450890017	0.921965946516821	-0.825609930938689
"PLXNC1_FORALL_033"	-0.159172451364597	-3.30822873766607	-5.53040267760212	-0.961081793903317	-2.42560159233421	-0.884995432223413
"PLXNC1_FORALL_096"	0.637571720153869	-4.18591313466293	-3.33767188180686	-3.27460195157506	-4.13049225667163	-0.385322846946658
"PLXNC1_FORALL_115"	0.437495289452295	-1.02215814407887	-5.26299393882156	-4.68468890902782	-4.03804723528305	0.423489029705154
"PNPLA2_FORALL_056"	0.68368005857018	-8.29363357438553	-21.9735741080213	2.79261646215435	0.672763145775369	0.5564415986576
"POC1B_FORALL_006"	-1.46727008024802	-2.93325904078123	-14.3854053060964	6.56085815715363	-3.17730861000538	-0.770176335949114
"PODXL_FORALL_023"	-0.291500164462533	-4.58367994138842	-10.3007349129913	-7.1137508664205	-1.85919724450903	-0.0746060831796949
"POGLUT1_FORALL_150"	2.01464536315766	-0.705756400605392	12.1593345873907	5.72927138134907	-1.27709076270986	3.05188622959163
"POLG_FORALL_087"	-0.98900053869734	0.47672359387192	2.00785528077621	3.68515936721098	-1.02894661813762	0.248648304850367
"POLG_FORALL_127"	-1.72070328669023	-3.04559472611284	-7.33133592886305	11.2309995079881	-3.06344259706061	0.384373100209965
"POMP_FORALL_148"	0.0938899784768811	-3.13088970281035	4.32673989177429	-2.11212386470946	3.21378172082436	-1.36107572232847
"POMT1_FORALL_022"	-0.433791259598983	-13.6086482074348	-10.9854710798103	10.0803924898956	-3.17400458036615	1.36087005041316
"POR_FORALL_087"	-0.450227703446067	-4.25776549495898	-16.8756238374475	3.92951708996048	-1.98098960078879	-2.25067727555479
"PPFIA3_FORALL_067"	0.516839819366967	-1.84286863355295	1.17780834600103	1.72322845770549	-3.48271403130833	2.0474551710364
"PPFIA3_FORALL_082"	0.91358377922483	-9.17841572262184	0.252643632686819	-3.24756511033554	-4.92803706075469	2.84602439143555
"PPFIA3_FORALL_141"	0.110504409432853	-3.61145440282312	-2.20725598877221	-1.44513603542004	-5.01932686558932	1.02776574969508
"PPFIBP1_FORALL_136"	-2.12359288733939	-15.750812782103	-15.4533103659094	4.67261188916039	2.76192974321716	-0.517204277067749
"PPIAL4A_FORALL_136"	-5.54303735173214	-0.0862248332452434	1.34688380737473	0.860993295174392	0.485331778408886	7.2973354123831
"PPIP5K2_FORALL_050"	-0.330313110948896	-5.90588202701912	-6.83932031310367	2.17509856465933	-4.77587091793006	0.647255882961093
"PPP3CC_FORALL_141"	-1.39737626506911	-7.20005984781016	-11.8852498481423	-2.23002499674658	2.01310735022469	-0.763961895506708
"PPP6C_FORALL_114"	1.44686142623568	-1.59348407732255	10.623040120233	10.1324228507521	1.37806430162618	1.19944213655596
"PRDM10_FORALL_163"	-1.10153336170056	-0.60028475408128	-2.04582700697837	0.699877357555923	2.13433121551645	-0.529073010790846
"PREX1_FORALL_050"	0.767568894287585	1.34497316817045	-0.445471011407985	6.30521286123008	0.562902212820935	-1.16288246004797
"PRICKLE3_FORALL_118"	-2.6288595243121	-3.31431635984844	-12.2943108329736	11.8370238205695	-0.496951911665659	-0.0478997434429854
"PRKCA_FORALL_036"	0.192932818811064	2.76237515841377	3.89312786526931	-1.11638279711706	0.219073536371837	1.56069817967794
"PRKCB_FORALL_079"	0.468165252463721	-1.03113192495903	3.29503721594675	3.61265280249377	-0.207140168038149	-0.589110880616496
"PRKCH_FORALL_041"	1.47764739654035	0.720900694847051	4.4262313608311	3.99565904027811	0.20225191168977	0.615477468451642
"PRPSAP2_FORALL_001"	-0.16014565850627	3.67979822466898	1.19564155130915	-3.83514215973082	-2.29169835303302	-0.234320607016872
"PRPSAP2_FORALL_082"	-1.8241198744993	-4.9650894010797	0.133655205252021	8.45788693876349	2.73049342217147	-0.491601091369014
"PRRC2A_FORALL_085"	-0.491293005013653	0.395880030665937	-0.0956267789495289	1.13220536694256	1.35056078238178	0.0516374946593943
"PRUNE1_FORALL_071"	0.0784053099102264	-1.7176916883144	3.58605465915484	-2.64360357352277	2.02277306509595	1.99173861311333
"PRXL2A_FORALL_060"	-1.13464150260684	-5.01050496152663	-3.51431502365312	-3.74703243398847	-0.982653496167336	-1.10666825457459
"PSAT1_FORALL_047"	0.379092953815384	0.682098261665995	-3.36615790162137	-0.39951047980885	0.523198393331618	-0.0953303842079045
"PSMB3_FORALL_125"	0.398616966987357	-1.34320971482533	-1.38552356912077	11.0523792746433	-2.62259935271433	0.92801168196001
"PSMB3_FORALL_159"	1.51423595722373	-0.397498445406249	2.36481761113186	2.14395839617795	-2.26367918867309	1.39918821391245
"PSPH_FORALL_124"	-1.02727200638331	-10.0792679953098	-17.8712810332427	7.58219050298465	1.57356930673463	-0.696559084445315
"PTBP1_FORALL_032"	2.89597820509386	1.22193668769452	6.17015422284119	-0.970990352970693	0.443042592185546	0.321750518185947
"PTBP2_FORALL_107"	-1.14758448854784	1.6435035961456	0.587230698670402	-1.2071297279973	2.73432711486979	1.41216590519567
"PTMS_FORALL_004"	1.01705404457061	4.61686709757595	5.68518193222332	8.68801944339608	-0.461629936211045	1.49535111239689
"PTMS_FORALL_097"	1.52662239312301	-2.31414303928008	8.2146209059931	0.401257588068976	-2.63437705990561	1.34319492064738
"PTPN13_FORALL_145"	-0.557688368744036	-1.72162391687769	2.71773966750533	6.27371528101207	2.94700862369384	-1.47874893549846
"PTPN22_FORALL_107"	1.30960532675021	-0.339387052709704	2.49419922017401	3.13570942928531	-1.4540536040268	3.14238947544732
"PTPRC_FORALL_098"	-0.218995648932733	6.67766112869114	6.28385748782829	2.33823790705682	-0.225567153210409	1.19499048544995
"PTPRCAP_FORALL_033"	1.4349523166615	3.24099038124499	1.83017708109389	1.31993414122302	-1.82154279231919	0.355024214871946
"PWWP2A_FORALL_128"	-0.46881138367356	-4.7201996941952	-0.956587810268827	-6.61823922994719	0.548548294510795	0.685895083871961
"PWWP2B_FORALL_160"	1.5298219484431	5.04001234272667	8.90979733086434	1.39264396633047	0.281388683459494	1.38606995768634
"PYCR2_FORALL_158"	-0.105131397385732	1.60686608694693	-3.03452303500607	-0.159279201968719	-2.98647826928744	0.367340225431134
"PYGL_FORALL_018"	0.280184001195269	-1.28513065155869	-1.56224327772983	4.47008078537047	-0.455523492300036	-0.0278995500909795
"PYGL_FORALL_067"	-0.816735128800957	-3.99868757846826	-2.6063043148251	-0.163462477018451	-2.52810432654883	-0.690605866230258
"PYGL_FORALL_120"	1.50331270392783	-4.63915651369147	-1.25300658664109	6.46155043726493	-2.76374555695363	0.606827808867125
"RAB10_FORALL_060"	0.606431863353494	-3.7871403504238	-3.05038363863891	11.7020411770934	1.8914776643843	0.51492519833539
"RAB11FIP2_FORALL_147"	-0.468275251213236	-0.803551039323929	-0.317185868002017	4.00667547002466	0.575696538002049	0.894211961861603
"RAB12_FORALL_029"	-1.11257160040741	-0.746917430068819	-13.1867292826737	4.9216948303251	-2.48756548866438	-0.15818028330929
"RAB2B_FORALL_102"	0.100814541691561	1.47903257505674	-2.72196960586081	7.57880425808824	-4.38226154575231	1.88150472518626
"RAB6A_FORALL_024"	0.710006815580232	-15.5709484329293	3.15346533650326	5.10039884487624	1.18011677649589	1.30810605189586
"RABAC1_FORALL_152"	0.782247247983488	0.262057042454379	0.426167667319353	5.17095373247685	-3.61164046308751	0.935375445590619
"RALGAPA1_FORALL_131"	-0.103102932001861	5.23446050251095	8.3655625912786	1.5945343451467	-0.304716731547255	0.761594325927973
"RANBP6_FORALL_135"	-0.292930741094892	-5.11607031471138	3.20541986496964	-5.61948718837968	-0.722265820371734	0.415909688549242
"RAP2A_FORALL_107"	-0.0470744557505331	2.89147150856558	4.46674366453576	2.74573272686443	-3.16009120085689	1.12202971758558
"RAPGEF2_FORALL_153"	0.829225573036834	-5.866360013042	-13.0607328699097	-0.917703955119621	2.02343753295853	-1.02752256666444
"RASA2_FORALL_125"	2.37657350942793	3.80980571624888	9.67641308783234	5.18630412345716	0.522531252568669	2.37059094146427
"RASGRP1_FORALL_134"	0.497956468665511	0.56421541462209	3.89344013165119	-0.0629876191159821	2.26685006113626	2.3571499332741
"RASGRP2_FORALL_005"	-0.451568259293837	-3.14282300481277	1.02503165208765	6.08479114602107	2.89290954646468	1.45925603612871
"RAVER2_FORALL_137"	-0.424427034772208	-8.89108126444287	-1.91271620151841	5.49349973854818	1.62725593386313	-0.232854428581866
"RBM23_FORALL_042"	1.05050802852567	1.48126622577458	6.89735000833345	3.02527770042489	-2.07489698124021	2.68179535523091
"RBM23_FORALL_052"	-0.848108805793738	-2.21260572913304	4.09526041297321	-7.2238898317173	0.205820270656426	1.06329571441161
"RBX1_FORALL_028"	-0.624186509169104	-6.43395942555957	-1.29236569702132	-0.0086465849044339	0.949578020763557	1.19009596500317
"RBX1_FORALL_055"	-0.48265787188191	5.60467264150775	0.073954963866878	-0.962333597400409	-0.665255642781478	1.33304932723786
"RCC1_FORALL_158"	-0.58333023514152	8.92366738778584	0.0866202070995308	-2.40907725347252	-2.0811247058223	0.176486607364855
"RCCD1_FORALL_120"	0.0569761536228347	2.76303267564583	6.30194701820292	-2.67271109894811	0.082897282090539	0.12773168823153
"RCN1_FORALL_121"	1.95893408002305	-7.6534741176564	-1.60849414742978	4.65514033774068	-2.09848187168573	0.450568108203497
"RECK_FORALL_078"	0.0986718737277803	-5.66813264005004	0.539989677096054	0.532810392918996	-4.9896843072788	-0.0568205093413568
"REEP4_FORALL_042"	2.34541676487011	-4.28533779714364	1.14405531545446	0.0467724279398584	-2.09086328103515	0.898974672475047
"REEP4_FORALL_073"	0.401144446833993	-4.44415126380069	-6.58771747359087	2.81854799116585	-2.49544686393302	0.553366081205327
"RELB_FORALL_096"	0.207137275742604	7.60789628114627	-1.43693371524618	3.84517650113748	-1.75600477873785	-0.515051359363391
"REV1_FORALL_010"	-1.72494575237138	-5.22779963642009	-7.4702158706654	-3.10540968701009	-0.682318844196159	-1.71589152439154
"RGN_FORALL_024"	-13.180838455973	0.512705117089815	1.68238104526848	0.720843070703263	-1.10934506295228	24.5172480984975
"RGN_FORALL_032"	-8.04904532477183	2.64904051686758	0.60149392150582	-1.32857374393669	0.153098551636702	23.0192308380229
"RGN_FORALL_079"	-8.25599266027386	-0.0724658314972617	-1.24572739512976	-1.25131043782736	-2.28125435141888	22.8379693775359
"RGN_FORALL_080"	-10.2040010565146	-0.394408433765366	-0.295889979033605	-1.90176708531786	-1.59849437140774	23.60637007425
"RGN_FORALL_092"	-15.3514522815444	-1.27116410088298	-1.49336584770013	-1.77141305433783	-2.77030473152328	23.0520070198761
"RGN_FORALL_110"	-13.537235325083	-0.920281329536713	-1.57217959441026	-1.13536086218338	-2.52784370974148	24.3949246238142
"RGN_FORALL_138"	-5.37272065358743	0.694450135033394	0.212257575207417	0.776417977343447	-0.192958278693363	22.1798327801888
"RGS12_FORALL_129"	-0.969309690791163	-7.44191488058257	-5.04358775540392	-0.0273639132777797	-0.0413937439354776	-0.375768229620895
"RIC8A_FORALL_013"	-0.104681695260068	-0.135516714376727	-11.4605799957476	6.19392321807873	-0.49204193438354	-1.00720354540632
"RIC8A_FORALL_095"	-0.221412326186599	-4.82602283640715	-0.42198936541008	-6.28736788026112	0.792539471066134	0.0407226053721863
"RIC8A_FORALL_145"	-1.5487301758327	-0.11765211363249	1.06754020129659	0.902467458970303	1.37175743655944	-2.83784825108119
"RIC8B_FORALL_050"	-0.349162253813605	-4.99776992390035	2.44636046466385	-5.99010284609049	1.53948728365542	1.23249935843384
"RIDA_FORALL_094"	-1.05636044341291	0.223878562357808	1.0695298844501	1.78023494996697	-1.60542265860345	-3.07032360294504
"RIOX1_FORALL_106"	-1.77700202142699	0.241242781555526	4.64686277236669	-0.193063216346351	1.85030715970176	0.155028482525384
"RIOX2_FORALL_004"	2.37256984878297	9.04938167964344	-3.11970430072994	4.16667838461893	-2.17412812346359	0.968691668393501
"RMC1_FORALL_100"	0.341370842252682	-1.31655744217597	-3.48842039197816	0.78296746682414	3.20210220914532	1.83120673074418
"RMC1_FORALL_108"	1.31907012680325	1.95823780100699	3.11166834301723	-0.0710660460819745	-0.688142908683216	2.09896698235436
"RNF14_FORALL_065"	0.683091503156045	2.46383203055834	10.4426957386901	4.33121734345496	-0.945488741542104	0.735502144034901
"RNF216_FORALL_058"	-0.727993438317254	3.19877083763349	-0.471326295015047	0.0550866537046888	-0.49373811812106	-0.990986252521683
"RNF216_FORALL_084"	0.322547351213381	6.19382951784283	-3.49639698381161	2.28426852607832	-1.06454511209439	-0.411259915611837
"ROGDI_FORALL_017"	0.15236578875103	-9.3740517890294	7.5225767593712	-0.0612809145539994	1.5352426691692	2.74066595330994
"RPAP1_FORALL_072"	0.76832330189622	3.73243215593107	-6.03468496314351	3.30042074531601	-3.26843209539012	0.219880475762092
"RPE_FORALL_002"	0.600195720935618	1.08753726969182	2.28297652629756	-1.07557328249831	-1.00424524979207	-0.184833423465476
"RPIA_FORALL_099"	0.872459130838027	-3.48178474422498	7.52706089815029	-3.42894699024537	0.338183815657687	0.854556706819219
"RPS27A_FORALL_048"	-2.43996173314321	0.627320495139762	0.882463081819663	0.630420564832165	1.31613624902036	-0.310372067982758
"RPS6KA3_FORALL_097"	1.59691791616763	1.71079204720339	14.1543148768415	4.40490851199665	-0.872932374235187	1.65862554834784
"RPTOR_FORALL_027"	0.815236053824533	2.25453818522194	-0.372222071932218	-5.54399286752881	-1.2018276240973	0.760275488756066
"RRAS_FORALL_096"	0.341531688909729	-3.094888520675	-0.896897489572256	3.45875386696801	-2.25354965783829	0.0777362840317729
"RSF1_FORALL_071"	-0.734707778199922	-4.16267874440968	-3.44133471492502	-1.87256105955582	2.21394591391148	0.0154212849623563
"RSU1_FORALL_008"	1.07446645215056	-9.35415959035296	-8.41219993003732	7.67448900548687	0.177567660070016	1.7418149459572
"RTCB_FORALL_088"	-1.59713737662833	-5.53479989134998	-5.61969716965908	-0.286936097212534	1.34670847454701	-1.26577764328434
"RYBP_FORALL_025"	0.920195379765244	-1.70935058206961	7.36756923684798	2.46603315947433	-4.19139206579469	1.19923043115474
"S100A10_FORALL_087"	1.31389646522	-2.16446279339722	-4.16984505405132	0.563371986342059	-1.10427042865971	1.21170535226885
"S100A11_FORALL_100"	0.415204546967263	-0.75773693235678	1.9044277704882	1.78377012625363	-1.9798703688802	1.05626468901789
"S100A11_FORALL_110"	1.22448871134353	-1.55581653191747	0.772805090413427	1.94139373242994	-3.75225875580834	-1.13224999273313
"S100A11_FORALL_125"	1.94746112838672	0.25877297517929	1.96688745113177	3.11491440687552	-0.899689775819683	0.598962308687619
"S100A4_FORALL_062"	1.98848723321173	-3.06245681362048	-4.584061321406	1.256397584831	-2.63339272218376	0.259240177614892
"SAMD1_FORALL_045"	0.0121006683607196	-6.36631714541759	-2.19998655572546	0.560651264725307	1.55102507844283	1.35952687829182
"SAMHD1_FORALL_002"	-0.585871845321333	-2.18145075761179	-3.95894298057869	3.12885623906658	-2.39216711209047	-2.06181334970335
"SAMHD1_FORALL_033"	-0.942751560114963	2.37351712549421	-1.32887793916049	3.25027511926649	-0.135629019269514	0.389733649520072
"SAMHD1_FORALL_043"	-1.00734696702555	0.404032090651356	-4.11886588626987	2.94237818467112	0.0353678326668229	-0.135156775984045
"SATB1_FORALL_142"	-1.31623076466399	-7.93194651014146	-1.29757818548596	-3.27180165729383	-1.58427268183374	0.0175522230966527
"SATB2_FORALL_048"	1.31343241566847	-6.6746980801028	-1.75415646254331	8.93386310035302	-0.0283547387129973	3.36522607280379
"SATB2_FORALL_090"	1.74594082577826	-3.64861452761653	-1.08499017379365	10.0352627776009	-0.701659287831725	3.91500684995628
"SATB2_FORALL_160"	2.39233114422092	2.02403492799046	9.52251080924841	4.98222009905177	-1.83940295773879	3.38026321060311
"SBF1_FORALL_048"	-0.366739827853672	3.33423231006788	5.89089155701227	7.08891716786075	0.955253029399513	-0.752947322474585
"SCAMP4_FORALL_038"	0.0300466748048337	-3.27135413660678	3.54709457587345	-2.60645372686887	-0.1111002330816	1.3727699494963
"SCRN2_FORALL_024"	-0.103272928019908	-11.7706062829666	-11.2996167147019	11.1454306076227	-2.36017120918957	0.00176729525452496
"SCRN3_FORALL_098"	-0.285040951401137	-5.57072366706468	-6.00397634178412	-3.01731682222078	-2.97822147327603	0.275189002345839
"SDHB_FORALL_064"	-0.837220647619697	1.29643395742155	0.651838577802526	1.84790148160454	-1.23997085667029	-1.96690864474941
"SEC23IP_FORALL_042"	-1.00639095188745	5.07213160886662	-5.0893545766846	6.30272440166354	1.16839025870887	-2.22235551586285
"SEC31A_FORALL_119"	1.79369145398666	0.277461422096026	11.4232111769913	7.24861955338385	0.769231232502547	1.72983673514173
"SELENOF_FORALL_148"	0.0278983115961458	-12.7103755874515	-8.36038374903408	7.64302991831657	0.648781586920511	1.22669260782675
"SELENOH_FORALL_044"	-5.71009739779836	-0.133209692260201	-0.46830685544174	1.934883126644	0.610039811762183	8.26093480925194
"SELENOH_FORALL_088"	-1.56905800125181	-0.0655385737953725	-1.51373886387965	1.91370777978917	0.333299704138624	1.19361925596629
"SELENOH_FORALL_100"	-7.71849960016574	-0.102232520804899	-1.39951641500948	0.337618787936024	-0.821152969264677	11.1251229778639
"SELENOH_FORALL_102"	-6.07682675782375	-0.946305045880036	-0.908593172103818	1.6769030870919	-0.00498884576630867	5.34497093870683
"SELENOH_FORALL_123"	-10.4796345136303	-0.738998177887102	-1.83693253940546	0.789478009323605	-0.0620975135243402	13.0651191046404
"SELENOK_FORALL_082"	-1.18814022673141	-2.00719198290971	-0.206847941862196	10.7336166125923	2.06503019513205	0.078674193435345
"SEMA4A_FORALL_098"	0.702691081644388	0.66425800317366	4.80790847153038	4.00177175802961	-1.58606810365155	1.02585573669069
"SENP8_FORALL_037"	0.0396257572996506	-4.92810426609748	-4.86978594825405	0.34072634579869	-1.24407450016654	4.33670083936686
"SEPTIN1_FORALL_120"	-0.629643886702103	-4.02834033160434	6.05253422868981	-0.898188934357584	-0.0527868363135572	3.40384187236576
"SERGEF_FORALL_064"	-1.83186483414838	3.03154349188303	-2.13709583666592	0.782994449609095	-1.85727154059193	-0.870680084349976
"SERPINC1_FORALL_149"	-0.179995041940849	1.93865332293583	3.86019171822822	2.92759695508696	2.82602553757889	7.49661102983453
"SERPIND1_FORALL_027"	-3.10292737759999	1.41742424067243	3.41406681049759	1.38788958373671	0.975348352485356	10.2604805401704
"SERPINF1_FORALL_129"	1.61913678874101	-4.27929409569203	7.91405230813542	7.54499814926022	2.09739399143992	3.69825714600477
"SERPINF2_FORALL_079"	-13.0242384422901	-0.46878710445859	-1.4034794313347	-2.54832532191232	-2.63927042267217	17.0596805112223
"SERPINF2_FORALL_120"	-13.0992758787692	-1.30990480041727	-2.23482497202367	-3.40369107937424	-2.84626734455948	15.9337511990319
"SERPING1_FORALL_110"	-14.9860429517534	-2.25235460803524	-4.4208379348974	-2.64378179273086	-2.61783045411271	16.6584728028369
"SERPING1_FORALL_145"	-18.0284413253955	-2.16756231234166	-2.70178117812394	-1.42421010616153	-1.93599109249703	23.2972993331563
"SF3B5_FORALL_012"	0.071187369915354	-3.3348960975709	4.84004531199321	-5.8440494776061	1.41377119389035	2.34447555972811
"SFR1_FORALL_049"	0.747437370799849	-6.29217683568355	9.14638071190316	-1.71693984619292	-0.821213217009241	1.93641776099557
"SFR1_FORALL_114"	0.803251079152011	0.425536862958171	6.29488386177463	-5.05458739656885	-0.865749693667513	1.35332126988588
"SFT2D3_FORALL_152"	-0.943167363149401	-9.11955204705409	-2.58816628533387	3.29096509356288	2.33040956806145	0.6553321490271
"SFXN1_FORALL_017"	-1.21166551511432	-15.5397633479518	-8.45267930070152	9.4814286185755	1.94964863515109	1.54582463919827
"SGF29_FORALL_071"	0.99798971473831	-3.37179954403742	8.36499617427684	-1.07411308404664	-1.28472835607332	4.12411626700341
"SH2D2A_FORALL_045"	0.662835470484317	-16.9378804866715	-2.61279200300257	1.36330924095142	0.698801945851745	4.02608776627977
"SH3BP1_FORALL_081"	0.113588801073933	-1.16009771419245	1.11071763111855	2.58440866822539	-1.88993066943775	1.18610726725146
"SH3PXD2B_FORALL_016"	-0.205512466091129	-8.4789022698872	0.398326470511806	5.67411492098157	-2.21292642939985	2.16844724110266
"SKIC2_FORALL_051"	-1.12566182231117	-15.4457021772667	-11.2980845041417	7.72561243680666	-3.21606120722753	0.867462545942353
"SKIC2_FORALL_053"	-0.691194992556395	1.02065438210897	0.420402403366903	4.42149110297616	-7.05254003637308	-1.14896453991164
"SKIC2_FORALL_067"	-3.01862318343644	-2.64902096603226	-13.6197988414768	5.44824029545275	-0.153123486751775	-0.404397828366463
"SLC12A4_FORALL_044"	1.44995864638932	4.17891875545751	11.0241204346161	6.74090377727278	0.70262679976634	2.9752893393681
"SLC12A6_FORALL_138"	0.893411308449987	-2.13938513366402	-0.66332233521352	2.43810741289812	3.12035199820662	3.48430292293167
"SLC20A2_FORALL_137"	-0.549209229463351	0.165703989206418	2.12865199346265	1.52817675185351	1.42570915335991	1.3037310323645
"SLC25A13_FORALL_117"	2.38140801951997	3.46925992203228	-2.20997280893048	2.20950213230107	0.612678402120039	0.520283554709808
"SLC25A3_FORALL_032"	-3.44297124890703	-7.06677850883822	-17.4071440449409	7.78765037984179	-0.167672646275705	0.529126218817683
"SLC25A3_FORALL_128"	-0.65852542026899	6.96700708740852	5.04415395831887	9.38803128252755	2.02768406707571	0.326743123766884
"SLC25A30_FORALL_116"	-1.54888514567335	-1.55607614751079	-17.5997379130729	11.6730200632401	0.325357756630834	-1.08867481682091
"SLC25A4_FORALL_138"	1.6230441048414	10.1521976833635	-1.34041704527577	-1.12427225270437	-1.3579425653641	-1.13279600567284
"SLC25A44_FORALL_115"	1.06154744299473	-0.48934750153723	8.43683142506736	6.65556251970191	3.72565786643699	1.20984312562138
"SLC25A46_FORALL_008"	-0.980520089509987	-10.0443480655674	0.112761568921674	-3.02067781285971	1.29337867693573	0.300845426916795
"SLC27A3_FORALL_001"	0.91082072695023	-2.887419084485	0.271676544089266	1.51451898683526	-0.432203055676088	0.668930419357584
"SLC2A3_FORALL_120"	0.8202278535383	-1.18041012942615	2.82752254932389	7.60656507782099	0.249132934176471	-0.761024458147095
"SLC2A7_FORALL_069"	-2.11222683486702	-1.90550610010653	-3.91861134177977	6.07008689279547	2.12491868898289	-0.976940258221858
"SLC2A7_FORALL_101"	-0.225645968397632	-2.72336407554204	-7.37101476183783	2.33462196345012	0.442434420339966	0.862111709650179
"SLC35E3_FORALL_041"	-0.0134106665670422	0.246808138623934	-5.93377897225046	2.18332645898149	2.55315963037109	-1.44079370164117
"SLC4A7_FORALL_111"	1.81031357288408	-2.6019506681878	0.619175221627953	0.513560069064259	-2.41127658826324	0.604762843174221
"SLF1_FORALL_089"	-0.133643719723001	-1.60033467725408	1.11634186152328	-8.14716989575688	0.276259234155781	-0.203162017404982
"SLFN5_FORALL_022"	-0.79973173961084	-0.229636665863291	9.78774488127058	4.86432360183386	0.992128423279642	0.0633600896267895
"SLX4IP_FORALL_093"	0.53260865908528	1.1431345281884	21.0643915785651	-2.52715317493816	-0.601369721558233	3.05859490874293
"SMAD1_FORALL_042"	-0.672792072888096	0.0698845385008005	-3.39490754990026	-0.68934095603697	0.397470852780732	-2.13104271354393
"SMAD1_FORALL_046"	-0.443323646568243	-0.626449911678755	-6.48354215116038	-1.03252397864973	-0.727759702166468	-2.33465902584847
"SMAP1_FORALL_141"	1.22358568863386	-2.06484979159223	-1.04412504422984	0.150815417236266	1.85413842448293	1.06400767527055
"SMC5_FORALL_112"	1.43496355992218	-1.35225966518244	11.3243725036321	1.30218409943906	-0.977845316185923	1.76910923869802
"SMG8_FORALL_142"	0.170895259114435	7.78154515278108	16.3521965585364	4.75638503253443	-0.523540747638413	-0.491863332964911
"SMIM24_FORALL_085"	0.521798184947594	-13.5578446658243	4.57238934968297	4.42306549517653	0.719504148726041	4.38014994255449
"SMIM24_FORALL_101"	-0.0213811091272879	-6.61813336419822	1.17781086174713	0.00256444778207717	-0.234354053828605	0.872746272923447
"SMIM24_FORALL_125"	-0.882710549777431	-5.54018349761496	-1.13518824641295	-2.28579934381158	-1.33052548002978	0.386698768765635
"SMIM8_FORALL_106"	-1.37039307894711	4.62359271009	5.04992342579534	4.00508785033558	3.22849050553099	0.204934536902934
"SMTN_FORALL_041"	0.913585289384962	-4.07083448401682	7.15963325549293	-7.5085015962422	-0.513224199455202	3.26660732001956
"SNAPC1_FORALL_090"	0.881702020752331	-5.37906504206813	-6.01812116832021	4.45369309858729	-5.02317296141305	3.33650052273928
"SNF8_FORALL_035"	0.38372110466323	-9.73439495561664	-4.45564612239393	3.57596247054495	-0.990652977853272	3.0478052364162
"SNF8_FORALL_120"	0.353087995542646	-6.80413889176118	-0.73052832018841	6.20841856461477	-3.86439556291032	2.52243787369973
"SNRNP25_FORALL_044"	-0.660374887746238	-2.72260773553545	1.18241736022777	-6.02338397723202	1.98728661303895	0.748836283332007
"SNRPA_FORALL_128"	-0.648248560146791	-10.992554868514	-3.36438899824432	-1.07965282420703	0.426693832569705	0.64826297812906
"SNRPB_FORALL_011"	1.55085668347868	-1.92482426861426	0.459313104628449	1.71716249266903	1.48148384454583	2.14631259812215
"SNRPE_FORALL_101"	0.151547449650115	1.49678029810923	7.21506470220241	-0.703731955842878	-1.60950234596468	-0.0890490951591828
"SNRPF_FORALL_026"	-0.99517580599153	-0.685607595580829	-2.97698933291602	8.91700441146974	0.0101620061879353	0.745135926178607
"SNRPF_FORALL_050"	-2.08072656177405	-1.87091482402688	-8.0887165320843	5.00412152238792	0.0698090151114215	-0.304262024107183
"SNRPF_FORALL_064"	-2.22037854752072	0.00625325138626328	-6.97852192644264	3.47768546618613	2.09079631596077	-0.731289585731624
"SNRPF_FORALL_130"	-0.0518729860588973	0.191114108099422	-7.38186131845443	-4.12167590694129	-0.799271126316147	-0.750393457151205
"SNRPF_FORALL_146"	-1.28874691658927	-5.13936979056084	-4.33255799797625	-1.72817472868039	0.277395727374967	0.28530573146657
"SNRPF_FORALL_151"	-0.602105745195656	-0.266113448232504	-0.357668266604196	-3.0350852273111	1.23124969144609	0.0396834466811933
"SNRPG_FORALL_013"	-0.397587098195151	0.523271679804643	5.57589474802207	4.75821732354789	-1.42380911240523	-0.104746673669838
"SNRPG_FORALL_140"	-0.633786038448396	2.53432293994169	5.67401694040746	3.46100706901633	3.04215499802187	1.14757510446886
"SNTB1_FORALL_114"	1.19722366438696	1.25172300980206	-4.87912723603146	2.60087688509872	-1.75275822524341	-0.641737640622262
"SNUPN_FORALL_133"	-0.32054628781638	-3.47203649840333	-4.32892018938769	3.68404504496467	1.71093793460937	0.573512404052973
"SNX3_FORALL_060"	0.0857733429672509	3.36248431019204	0.226199718724708	7.10510806842085	2.22996739878722	-0.114293324440174
"SORBS1_FORALL_058"	-0.932454250417003	-6.37681673728288	-6.31255654001569	0.116839212428884	-0.185259262684947	-0.704237271762088
"SPAST_FORALL_011"	-0.771525570250525	-1.57968438961636	-3.26302535755648	-4.20186982062713	0.7448016170928	-1.10585956683537
"SPATA20_FORALL_003"	-1.19258542153774	2.58914049405379	-1.79506651818414	5.24358109039141	-1.29206074787484	0.156410637791329
"SPATS2L_FORALL_065"	-2.57299362147362	-9.66660342808137	-8.72048644531213	0.969012393029299	-2.74683391498262	-0.853516965674328
"SPOUT1_FORALL_079"	-1.51240629030349	3.14070586437844	-1.14989654209755	4.45101273465409	-0.0466817356504891	0.0593682385793667
"SPTAN1_FORALL_108"	-0.934322512118676	-7.30521496138465	5.90054069129803	-5.56656536167757	1.25678104380783	1.01232251030727
"SPTBN2_FORALL_097"	0.132524388249554	-2.15497651189886	-0.483513182076357	-1.12522236745071	2.52490240214621	-0.260255871223867
"SPTBN2_FORALL_134"	0.537014670386273	-1.21978916668633	-0.881635136823309	-1.47360110847962	1.19475647118097	0.196333471083789
"SPTBN2_FORALL_147"	0.903536241846943	-0.57846186811184	-1.29169880981524	3.65891661457402	3.548907535649	3.11318697518977
"SQLE_FORALL_094"	1.17222473863837	0.525964200253115	-0.673450928117402	-0.194596455899028	-2.5922296094097	1.34063892631456
"SRC_FORALL_146"	0.440339593340503	-7.02438642526759	1.38132548068889	2.07368963090316	2.08583918975119	0.298810375708856
"SRGN_FORALL_012"	0.318097345746182	-4.98979870598419	-2.74230932640851	11.1308210768738	-1.53610532096301	-0.786537126638364
"SRGN_FORALL_032"	-1.31965237017049	-2.29841855153289	-0.607571277316625	6.24816930848552	-0.859103554056282	-1.14954591502725
"SRP68_FORALL_011"	1.7197813886827	-0.930838892311496	10.8239351068745	3.97753745730874	0.334395003939845	2.64610733501878
"SRP68_FORALL_115"	1.55029942978878	0.947650371250225	9.79343016232641	2.00343102993475	-1.34036772067458	2.57369912315927
"SRSF6_FORALL_148"	-15.0286812934104	-3.01780254325965	-4.00298191704065	-3.39852667529631	-3.03673122331168	16.6746350900151
"SRSF6_FORALL_158"	-6.40328372168869	3.25127515404325	1.91507886223421	1.11082016387065	0.540160807594779	16.5152505664498
"STAMBP_FORALL_097"	1.14560307969972	-1.25697132622038	5.93761783095048	3.56323342851167	-4.80439380884778	0.673057647997175
"STAP1_FORALL_041"	1.06283795609939	5.4057090013127	-2.96774335109469	4.74167469209825	-0.841078391323944	-0.868734142123385
"STAT5A_FORALL_064"	0.1937048755059	-7.46255832855737	2.65609418079143	-0.889258142560773	-1.19520605747142	2.69073643788195
"STAT5A_FORALL_110"	1.43620080866413	-6.86091913598325	-0.179500502236118	2.1299121983303	-0.654488813114107	1.70883077670396
"STK11_FORALL_091"	0.806275479114981	-10.0670820823429	-6.03654539076123	4.96235165908235	-2.40452231485347	-0.761710186443277
"STX8_FORALL_121"	-1.1154894012351	-13.4707854431674	-18.743772695913	12.1086922931997	0.06924828749855	-0.168191158904252
"STYX_FORALL_009"	-0.277570875775321	-10.7551940938658	-10.5828062516084	-0.0200745994825373	1.36310783427752	0.572250353144503
"SUFU_FORALL_025"	-1.01082555019779	6.64323358608755	-2.5326875819597	1.66811806066658	-0.817215925992722	-0.756893637518862
"SUSD6_FORALL_010"	0.430424650722215	0.894317941206099	0.794808614155692	2.25539054819257	0.991401962978365	1.90596492377315
"SWI5_FORALL_139"	0.834743038526928	2.90752578357932	3.08400755451484	-1.86763177925089	-0.500287318949661	1.44541106843289
"SYK_FORALL_010"	-2.92756461334731	-6.82282594493769	-14.8658201881086	5.4366462908354	-0.557846806359051	-2.692406646155
"SYMPK_FORALL_096"	-0.536858618566522	3.14957812680168	0.499413657563061	-4.8348534155458	0.0344095082117219	-0.0630261636953898
"SYNGR2_FORALL_103"	0.0515106735149818	-6.32170533350315	-3.73058165398833	10.8152134598366	-2.29457126085557	0.591533437910023
"SYT10_FORALL_037"	0.242094831889181	-3.56608856021475	2.05781839103106	2.47593775120107	-1.06246950723362	3.9124089907282
"TAF9_FORALL_047"	-1.2893577547951	1.37961569248832	-6.31129273477797	2.26488888388121	0.223719410454808	0.772926931841786
"TAF9_FORALL_071"	-0.708128168911777	-1.09596739889458	-9.74652305664252	3.9611038090363	-2.6879878962272	-2.15477662051794
"TAFAZZIN_FORALL_053"	-0.486075394205372	-2.57982657082541	-7.4143412989049	10.1774585152698	-1.13576928181319	-0.062954505698216
"TAOK2_FORALL_102"	-0.973033976515728	-4.86665208528145	-2.43479705807444	-3.60232984347754	2.79427827842147	-0.112680608669588
"TARS1_FORALL_161"	0.67903653353109	1.019876100972	12.9064444850773	-1.83388986694275	1.8368612619924	-0.369798042504808
"TBC1D10B_FORALL_153"	1.13209560775467	3.16503209775393	11.9668801749187	8.24379086648247	-2.25380420104711	0.858853067061369
"TBC1D15_FORALL_117"	-0.273000024724327	-2.2944585622634	2.55224672092741	3.09646416462735	3.4827198970103	1.6824323280959
"TBCEL_FORALL_086"	-0.649608795179605	-5.88793961762663	-3.61853664080682	0.399013680904113	2.02509221644122	0.52533451307309
"TCEAL3_FORALL_025"	1.31884989004566	-2.48868926257506	-4.6595949413844	1.06807384178623	0.318689620622047	1.33535792547906
"TCEAL3_FORALL_149"	1.30916089575299	-2.93695801344587	-5.84665809377225	1.71722494099343	0.0801274614937313	1.33317204290856
"TCF4_FORALL_007"	0.00307972061197016	0.184886027769087	-3.76832577544685	4.57832651448583	2.0936466152847	-0.391052922657367
"TECPR2_FORALL_061"	-1.36679163217732	5.99815414537113	-5.20410692072189	11.8159045920145	-0.155707239260594	-0.0263879879756535
"TERF2_FORALL_020"	0.291688926973056	-2.62510470943302	-8.6472771798083	1.93303692218225	0.0188473091098391	-0.741531222666044
"TF_FORALL_039"	-11.7207481589304	1.29405640712009	0.291605478828546	1.36202677117874	-0.889687298413749	12.1080697040663
"TF_FORALL_075"	-10.7205526538304	0.698388317374019	0.974963705236722	0.970285705480059	0.227735354464117	16.7557358769904
"TGFBR2_FORALL_030"	-0.458510313801147	-1.47182803118223	1.33515555993282	1.13126051179644	3.91767827539116	-0.427308599948793
"THBS1_FORALL_013"	-0.720711281704823	0.835272091657892	3.94974490707176	1.59866416015972	1.94356220789028	3.47998263050591
"THBS1_FORALL_083"	-1.40321178081488	2.02037464471308	4.36005220978317	2.00023554877744	2.52311288433233	8.52687650610744
"THBS1_FORALL_116"	-9.43599264889756	1.07634840310668	2.72351793501312	1.55317917319965	1.93488890830399	16.9396247047989
"THEMIS2_FORALL_065"	-0.62918031972305	-0.807872399654079	1.57291082398122	5.70024918747087	0.315486131938914	-0.523445506823438
"THEMIS2_FORALL_082"	0.336833382504661	0.177004566622593	0.324351813414637	6.22115163547858	0.806364076371901	-0.023704716839471
"TIMM22_FORALL_076"	-1.18694736782946	4.10569157869601	3.68914174284224	3.76346177762729	-1.04669591391489	-0.123422312981569
"TK1_FORALL_114"	-1.14193897958561	-2.11957298803458	-12.6095090396659	4.23821729626426	-0.46465506974584	0.370080379758703
"TKFC_FORALL_101"	-0.0895304855857641	1.90808496825821	-7.68454709143709	10.3004878444089	2.22802805695303	0.0925204118843033
"TMC6_FORALL_012"	-0.0426256070113052	3.45069970252339	3.85059496646121	6.71050897198293	-0.794589459627028	-2.0759969985933
"TMEM106B_FORALL_043"	-2.47616487404393	-2.54668663419515	-7.55933738615762	5.10412182605861	1.04269623281049	-2.42338168880213
"TMEM11_FORALL_059"	-2.63147015046795	-8.44598676670077	-20.6985753826985	8.18741339778474	0.409449612184109	-0.912254378152161
"TMEM11_FORALL_109"	-1.87981130589589	-9.17406580018299	-16.2047986423013	4.5182799296838	2.40493878221106	-0.530528308142878
"TMEM183A_FORALL_020"	0.17276815884893	1.6805514415789	-1.88733409663347	-1.95546038984524	-1.404101067211	-2.32348913207143
"TMEM222_FORALL_107"	-0.962288288876228	-5.830436636409	-1.84232039796466	-4.54399649924898	2.56240715962924	0.430053590346932
"TMEM65_FORALL_028"	-1.04367916283816	-1.77666292168145	0.238819815764059	1.72414644476133	-5.31480787029329	-0.380784433509958
"TNFAIP2_FORALL_138"	-0.498517327634339	4.72351056311403	-7.47498582509883	2.82040540500788	-2.57742208815376	-1.43069187692871
"TNFRSF10B_FORALL_062"	-1.11635129844558	-0.514057180276017	-12.7511307965213	6.61782072441059	-2.18722097672808	-0.558989504084649
"TNFRSF10B_FORALL_162"	0.284403066669862	4.19474711166011	-5.49757751635063	2.96222415890204	-4.61078371240126	-0.759081729480993
"TNKS1BP1_FORALL_088"	-0.718616276400712	-1.03754949797365	-2.14750598942295	3.51568719255446	-1.78597889269847	-1.68134157812951
"TNNC2_FORALL_159"	-0.0737400429535251	1.4510573907652	0.718334871663005	0.364363462595372	0.222259758479252	1.50894614844223
"TNPO1_FORALL_012"	-1.00924285666269	4.12237053366558	-5.33753756827635	2.17833649557058	-2.05299969310215	-1.45780521777028
"TNPO1_FORALL_034"	0.0314847264244813	4.06419682084092	-0.352347440820838	1.82933108907135	-0.759531983676185	0.819168864058848
"TNPO1_FORALL_110"	-0.708032837942225	12.835342188777	0.174540058891439	-1.32048298346678	-0.433258843169801	-0.183869683459434
"TOP3B_FORALL_069"	0.344462339692817	3.61314984414852	13.3216688456025	6.7861813691608	-1.33146717229762	2.22733136061264
"TOPORS_FORALL_057"	0.739682893566303	-0.520294026040202	5.17659115939195	-3.82755661448769	1.0954965982047	2.72837224821936
"TOR3A_FORALL_040"	2.05876654964558	2.96921696023594	12.0717673585285	-2.54388449932429	-1.95588652070786	1.53724016548258
"TP53_FORALL_072"	1.06446916357914	3.62418814209822	22.127201740166	6.17864738863231	0.496802264022071	2.62520858930319
"TPM2_FORALL_130"	1.19483817184516	-0.76885279591462	2.2972897265256	8.34768176127377	0.249548393356472	1.36537979360533
"TPMT_FORALL_137"	0.160292088431918	3.0016920650827	7.91123530545263	7.28232042793048	1.00160802396903	0.123601654927752
"TPST2_FORALL_052"	1.09635900986708	-2.84697547106545	1.33459565074165	4.55080497544007	-0.592128834838459	2.62103751291255
"TRAF3IP1_FORALL_104"	-2.38068363650883	-1.02674987406464	2.88118786018039	3.5833088120586	0.795009874161253	-2.5894026463559
"TRAM1_FORALL_041"	-1.70644385495438	-2.52610823602429	-5.18834236272064	3.41405351732264	1.8459323882586	-1.02876395768761
"TRAPPC11_FORALL_065"	-0.875767483927136	-3.14065082383519	-1.80984379685786	10.2437144065753	-1.66290341332716	-0.136818712949891
"TRAPPC2L_FORALL_014"	-1.63272172015106	-0.0158597002259636	-3.00479119561278	8.48650296252184	1.81932020160218	-0.330883731236586
"TRERF1_FORALL_002"	-1.64927907300033	-8.00184984819041	-10.2514385119135	6.01173786479761	2.51203534116469	-0.983514676491701
"TRERF1_FORALL_049"	0.77592998190432	-18.2207124763393	-2.64435926295526	5.46568100030484	0.0907894653549576	2.21936935462986
"TRERF1_FORALL_102"	0.175310718746523	-3.09308107943226	-7.30596340864482	2.44348923618482	2.89802305564208	-0.562246199085302
"TRIM27_FORALL_161"	-0.853426476970386	-4.4479035331652	-9.71639180639914	2.17461188706071	-2.58932566560436	2.45700171356753
"TRIM56_FORALL_040"	-2.58783704399633	-4.82454378493662	-9.71131387620095	12.4119525845331	0.71309909508132	-0.265022566029664
"TRIM56_FORALL_064"	-1.62747006735126	-4.93156549528821	-6.01935307705992	3.2792525982124	1.55336672091182	-2.63264851677543
"TRIM56_FORALL_109"	-1.59420535593466	3.97050819874007	-2.36398923701855	11.525451664354	0.118126518891552	1.16031925585461
"TRNT1_FORALL_033"	-1.49030893911594	5.03984138781126	-2.21227664315623	2.59341650718094	-1.41231351500485	0.565030695523469
"TRNT1_FORALL_155"	-0.259757498345963	-13.6869593486801	-13.768135761407	9.15943336451772	-1.38095299216514	1.60684407037095
"TRPC4AP_FORALL_095"	1.20764696351842	4.42555753011836	16.530791116957	3.47243114245122	-0.359171055790197	2.61035534038328
"TRPC4AP_FORALL_156"	2.10424017857691	-0.341440549633754	4.09102327208066	2.25320131281785	-3.38551511423258	3.47605256169074
"TSPYL1_FORALL_002"	2.09526049513053	-1.55799359025702	2.32178625261099	-0.916537254255788	-3.23845646175606	2.35189320138068
"TSTD2_FORALL_002"	-1.83581194461588	0.542446983679422	-0.796897643137357	1.40955164386987	2.00912588592711	-0.0840776084788339
"TSTD2_FORALL_075"	-1.03424927609191	-6.44977435159905	-5.21050093550665	-0.00692212164074762	0.38197750610842	-1.2522114093071
"TTC1_FORALL_029"	-0.235477558156755	0.935296457882243	1.51539319002761	-4.24093264444883	0.768856805131504	0.174538579343777
"TTC21A_FORALL_143"	-2.1214905116617	7.04650864941896	0.735478668516525	3.72745554591436	0.914151599676048	-0.662687454097214
"TTC31_FORALL_003"	1.47073977774686	3.73744682255034	14.8898891406082	1.95800054942783	-1.76955340952625	2.47195683903567
"TTC31_FORALL_091"	-1.1823983611162	-2.17693145404203	5.47989544583268	-5.50699084861912	0.785865743739488	0.750229505125801
"TTN_FORALL_060"	-1.06833738211783	-0.706514142154324	-9.08386715794305	-4.94334376851221	-3.35575171948344	-1.55717292551399
"TTYH3_FORALL_093"	-0.749312015272227	-7.08665721881575	-14.8469558870886	4.41107097513557	0.685280818765297	-1.57624604496129
"TUBA8_FORALL_139"	-0.120663357000606	-2.30636907806127	-6.02122156458302	-0.296279643154755	-0.634261551684149	-1.65995899285587
"TULP4_FORALL_125"	-0.138735628231787	-6.20238141880353	-11.276885071377	10.2526530226996	-0.154059179218726	-0.0951998169592601
"TUSC3_FORALL_097"	0.145392827128906	0.180333098695826	-4.06888529029479	10.1883105304991	-1.87558670141847	-1.19531476341842
"TXNL1_FORALL_099"	-1.78340380736713	0.05919259609048	-9.43918476675954	0.589591064831922	0.402774078680833	0.363332491134097
"TXNL4A_FORALL_162"	0.037432702475948	-0.144530482751707	6.56271594707908	-7.00095493997968	0.214684282642838	2.03779566381592
"UBA1_FORALL_030"	-0.73878972711847	4.47155436450829	-4.26534233813781	1.35838947203428	-4.08924572656187	-0.805557192635198
"UBA3_FORALL_095"	0.0542155536163344	-4.21141106432705	-8.44908844988861	11.7837629177888	-0.891046553877281	-1.19203966319109
"UBA6_FORALL_020"	-0.476417523039491	2.78917240210289	9.21746889631101	7.49301137273028	-1.08838607090029	-0.65492791261095
"UBASH3B_FORALL_068"	-2.11927373626768	-10.2197780194352	-7.67328322877531	0.9179902479979	-1.67542307154861	-2.41740771682683
"UBE2K_FORALL_134"	-0.886214515593774	9.7089374536776	-0.0373351530972997	3.15197674100816	-3.02088741729328	-1.27386788278979
"UBE2N_FORALL_054"	0.773491030836347	5.60432519547164	10.2932020495006	4.36751729710188	-0.809357939036914	-0.989670179456161
"UBE3C_FORALL_136"	-0.357263364372024	4.43923465308735	2.05315787123383	4.77667266472634	-4.88734452345219	0.90039956283946
"UBL7_FORALL_023"	0.557335617506306	0.501664577890809	6.51448213707987	2.87526886830981	3.00414518178863	1.73221904371119
"UEVLD_FORALL_004"	0.242216480361959	1.0238638072078	4.21167378018378	4.11593322884634	2.72664561348893	1.91446762296648
"UFC1_FORALL_017"	-1.04681003229461	3.3783335613678	-10.8218577725798	2.98808512096593	3.12369124561923	-1.81227993464576
"UNC119_FORALL_046"	-1.0167576263439	-6.56020302202076	7.95252987470686	-0.568428177567616	1.57396334110216	2.06941706443788
"USP47_FORALL_070"	1.66720610531664	-0.0749343545254368	16.4541615126315	6.52610385657574	-0.321640595674719	1.93267957367384
"USP47_FORALL_083"	1.15988365519107	2.45293408467373	6.32391227009706	5.19784118101236	1.23170108608273	0.163011876114106
"USP5_FORALL_091"	-4.96367875213682	-2.17818346057249	-2.90133739911434	-1.62006068076848	-3.3473725829986	8.72563311004946
"USP7_FORALL_023"	-1.46572220630251	0.608558892869666	-5.12234405479892	-4.52966753600276	-1.52383090671578	-0.692208045963867
"USP8_FORALL_046"	-3.11808734737738	-6.38138752269264	-16.1976503663896	8.59050756358346	1.57636975749673	-0.795560078107899
"USP9X_FORALL_132"	0.0111624016312128	1.33523439760314	0.919716002594133	1.02032847553936	-0.425602217890554	-0.325919620482589
"VARS1_FORALL_134"	1.05115567126954	4.96034046722965	3.36773938101465	4.90502789468606	-4.57677010388573	2.1954851811262
"VDAC1_FORALL_047"	-2.10991078906127	-3.35459578753861	-15.6388771004169	6.24156247135109	-2.5245075046349	0.286624527776255
"VGLL4_FORALL_136"	-0.359786496928036	-3.17014068369678	3.43900180528212	0.515654432472986	0.82146753162989	0.978044151628392
"VGLL4_FORALL_141"	-0.738596461628695	-3.9527997984117	-5.63562716846878	0.356088287940511	1.25313888756329	-1.13938841256179
"VGLL4_FORALL_153"	-0.788559176865105	-7.60805326927445	-2.9295789722328	-3.52837607068249	2.55368426183739	1.14186772702708
"VIM_FORALL_024"	2.71243090460146	-12.7730298166036	-1.63768308306069	3.95432612696261	-0.390780897380612	-0.277964435640739
"VMA21_FORALL_149"	-0.889303677592097	5.00864742990966	-3.41379979722831	1.34649323845949	0.458784320063121	-1.30079799409511
"VPS25_FORALL_138"	0.906912870938054	-3.31023941851815	12.8580434088858	2.36845864569857	1.05153782782753	4.06560213355228
"VPS26A_FORALL_078"	-1.44920761369093	-4.64103903507258	-4.77063154825114	6.40609626152198	-1.541285523222	1.65532908312743
"VPS37B_FORALL_035"	-1.16551421324571	1.24126287169387	-1.10316332827908	7.44644729130615	1.50285116627682	-2.60939429465349
"VPS4B_FORALL_126"	0.567784301449678	-3.98268041065545	5.29615347315277	-1.29403686687692	1.92419446840442	2.72295883156287
"VPS50_FORALL_076"	-0.572856366482649	1.37714489097873	1.87638614488761	7.8261520667857	2.96593141060093	-1.12898343345575
"VPS53_FORALL_121"	0.015571082224864	-9.33465877349333	5.15301562350166	-2.19289538157848	1.90516574406925	0.582159664407818
"VPS8_FORALL_106"	-1.1109236227043	-3.61623869981814	-0.880634516484028	-1.25876319475457	2.11697205783282	0.172415472385667
"VTA1_FORALL_039"	0.105333680500539	-11.1394296453694	-6.70394296595575	0.605135759104817	1.70033472145534	2.40350675879288
"VTA1_FORALL_052"	0.442143661343859	-12.6485316452885	-12.043168538664	-0.567675825837667	1.84473929983308	1.93152270254205
"VTN_FORALL_099"	-9.81601103675865	-1.50555374938349	-0.655730652704324	-0.933904751183544	-1.1410204623829	14.5833109953606
"WASH6P_FORALL_127"	-1.88947798199492	-12.7695371423395	-12.631644778496	9.20916286126361	1.78566065599942	-0.456001943636246
"WASHC1_FORALL_157"	-0.911920722250057	-0.23021004087552	-6.69796803140454	7.646346316062	2.72597627466047	-0.225961431183455
"WBP1L_FORALL_133"	-0.0210814059302307	0.755835858320309	0.483031351982123	2.96685614353404	1.83801849739498	1.81971271378036
"WBP2_FORALL_033"	-0.221462185349363	-3.44055664914579	-7.90365304292666	9.48743404826146	-0.00503051787304189	-0.448075436946556
"WDR18_FORALL_004"	-1.80726956789029	-2.03902664368271	-14.8633211807994	4.2882315623626	1.47708083911152	-1.3773720231202
"WDR18_FORALL_111"	0.0110444030283899	-3.04256070289752	-9.53165683685991	7.95639378835892	-4.1158082550762	0.431769283654679
"WDR18_FORALL_143"	-2.65085899125153	0.455160704409207	-2.96844368726181	7.44625150865255	2.65652369959654	0.856809324709496
"WDR55_FORALL_014"	-2.05219718174905	4.36920352319075	-5.13520697645733	3.96132354334333	-0.674760558269685	-1.19465271682316
"WDR7_FORALL_060"	1.55756612004544	-0.594234642289748	12.9577764257751	6.88563372061949	0.961454386704769	3.26079537595214
"WDR87_FORALL_013"	-0.256108958935605	5.9281024170969	0.0644660109529504	4.49726186782353	-2.91423082322143	0.852034778365298
"WDR87_FORALL_076"	-0.764214353061991	1.33843997373665	-3.16843611521154	2.03636174679114	0.899653189116465	-0.397336130532964
"WDR89_FORALL_042"	-0.737417524495538	6.35145051686285	1.39285429577544	-0.0806760956535169	-2.4442462920644	-3.02117773873363
"WIPF2_FORALL_155"	-1.94482553374569	7.75512753591814	-0.992965776265125	-0.126474716426523	2.75176644118112	-3.16503948909684
"WRN_FORALL_121"	-0.991301729957802	7.9155942249639	-2.51250666747462	-4.59738979141867	-2.26986173087385	-0.451576798836456
"WWOX_FORALL_036"	0.885814379009178	1.37221148895838	14.0895984547938	-1.16257567221345	-2.32860241203202	0.311244099790461
"XPC_FORALL_052"	-1.94154233187008	5.73761347360617	12.7694208066137	5.76428452077829	-3.20932809177916	-1.70624732494844
"XPO1_FORALL_137"	0.325621684682887	-2.73321880842108	-2.35299962537723	0.259626942779182	-1.22516114027956	0.325363995768157
"XPO4_FORALL_112"	-1.08075631879789	3.12381472427101	-4.52616063897216	-0.129575160970107	-0.191359553535482	0.74944558513257
"XYLT2_FORALL_141"	1.53903783830356	1.65134691228095	13.1298699071569	3.0535914006538	-2.40485579083598	3.35169464177103
"ZAP70_FORALL_085"	-0.0424306680476108	-3.27837372609557	2.45795373642874	-3.37611138086166	0.72592548128094	-0.345492194874022
"ZBTB3_FORALL_081"	0.392531464683806	-5.51201878363432	0.583024058585504	-0.156509865826358	0.444753123734507	0.247750501056553
"ZBTB3_FORALL_089"	-1.12063017898412	-2.99652351230957	0.236766455005324	1.59007438702447	1.69849120480463	0.889021708005663
"ZBTB3_FORALL_143"	-0.770362004383278	-2.07097722515452	2.4708566990522	-4.17171382343198	2.39484523839341	1.00899910744005
"ZBTB34_FORALL_149"	-0.471072453762264	-1.86990940860925	-2.86771624296513	-3.96319360994708	-1.01194903058017	1.20207755437361
"ZBTB45_FORALL_069"	-1.43578277790512	-2.51281638411311	-0.450508893110611	-2.05736044195623	2.06306122581406	-0.709659492053316
"ZC3H14_FORALL_010"	-1.35318936037902	-5.2833363997172	-1.58181655160269	-3.44948718137785	0.688788349987382	-0.932379182896083
"ZC3H3_FORALL_080"	-0.887951081402005	7.56796931207605	-5.05752759494014	2.24481997246153	-1.28106171379959	0.284144484768479
"ZC3H3_FORALL_094"	-1.08549254366811	-1.06652366471038	-8.46726198824672	7.52393107008874	-2.16245407983179	-1.12109514558848
"ZC3H7B_FORALL_091"	-3.26306332826275	0.339381663398341	0.50352754485815	1.44367501080102	-0.369675056106965	-1.37345295475331
"ZC3H7B_FORALL_131"	0.0513381220591922	2.65375876252233	8.0588037014348	-1.40140606777868	-0.750915627501206	1.00011501104424
"ZC3HC1_FORALL_129"	-0.984644330723065	-1.7449015897299	-6.67422197155574	0.451681761782602	-2.86611941915247	-1.31571544011324
"ZC3HC1_FORALL_132"	0.177618065557757	-1.89555013145626	1.47604527308128	-5.97037431849817	1.143870274446	1.80080849655413
"ZC3HC1_FORALL_152"	-0.291928476041209	-3.45222260305496	1.19284053366587	-3.89608815818994	2.15310774381416	1.01875410545164
"ZC4H2_FORALL_038"	-1.34600009678939	0.714049748061352	-18.6620378252967	8.56731092822434	1.03171200336417	-2.31524097153263
"ZCCHC17_FORALL_159"	-0.499593440293612	-2.91594418656784	-1.04849221664899	-3.40481223747568	1.84928531519641	-0.149060741867789
"ZCCHC4_FORALL_109"	1.80861169232351	2.66383971693799	9.64967596812184	0.463320678562848	-1.90528992053683	1.46906787921362
"ZCCHC7_FORALL_162"	-1.04202007405064	0.919765513721838	-7.11653265260597	5.54536597877397	-2.13655887084886	-1.32269583803397
"ZDHHC5_FORALL_110"	-1.84233841008211	-20.9901433355502	-13.8655236823842	5.1076782413144	2.49839656311142	-1.81388384410883
"ZDHHC5_FORALL_121"	0.54704257185606	-11.551261316255	-10.2240949074385	13.6940788960168	-0.169813465722234	0.586321821740374
"ZHX3_FORALL_056"	1.74503432954866	-0.207075910116426	13.9944877488322	7.48191633300142	-0.254924528083697	2.84677512711632
"ZNF160_FORALL_054"	-2.87663695162037	-14.4881977374524	-18.7753335462524	5.15463556147167	-1.09848580832149	0.197227822594583
"ZNF219_FORALL_045"	-0.265895086025523	-7.81941749526005	6.75623295347821	0.828868201626412	2.99535072182081	0.00610067849058569
"ZNF219_FORALL_109"	0.432015386110854	-2.66877563590897	2.30437986878983	-2.16684203305794	0.735900931958121	1.09378966303653
"ZNF219_FORALL_150"	-0.407910977876266	-5.90542135528034	3.38091041958352	-2.18897578090153	1.73783046204023	2.48241611706686
"ZNF273_FORALL_157"	-0.590351018274102	-6.29089778752467	-1.7451302110522	-4.89323019746996	1.28931258944586	0.371798717311394
"ZNF282_FORALL_095"	-0.344251672560707	-15.8051836944775	-1.56214953929676	0.37254456972357	1.8456841086592	-0.255891622617634
"ZNF331_FORALL_062"	-0.35821075792948	-6.90060197056278	-8.58690240968411	1.30012512682619	1.15592899680069	-0.243339607217777
"ZNF525_FORALL_049"	-0.495932746758993	-7.79113795143973	-0.399013474858789	-3.44578990849917	1.70186460139935	0.757837352612052
"ZNF564_FORALL_019"	-0.137454549938205	-7.312114890774	-3.69053820403535	-1.96867878174464	1.20811840634658	1.11962105338845
"ZNF564_FORALL_121"	-0.504408643246844	-5.63502727848064	1.19016872629914	-2.87236778019785	2.6723631207107	0.318769760752506
"ZNF623_FORALL_009"	0.240371058092387	3.9169796362581	-4.08025211604609	0.434486443272298	-3.44386647306936	-0.245330291288407
"ZNF701_FORALL_016"	-1.17963589020004	-2.66058948411866	-1.81597788146586	-1.06510941438726	2.2218528834561	-0.420514199377908
"ZNF77_FORALL_076"	-0.30231089207047	-3.06286868219238	0.661475034279177	-0.268517117946004	-0.0587625011119888	1.50434439222096
"ZNF77_FORALL_158"	0.412445442664105	-19.8998440675314	-4.57682804893923	7.73392013689555	1.56278691894072	-0.462344115655835
"ZNF888_FORALL_140"	0.169026104202244	-6.36190584399938	-6.95236628347105	-4.08181438981232	-2.92985470163517	0.983843982828802
"ZRSR2_FORALL_072"	-0.882409964641281	-7.01869672620263	-20.876951369911	4.8000357062376	0.955542470083749	-1.60277961983576
"ZSCAN18_FORALL_137"	-0.522716427399577	-5.43959573201231	-0.506130946006407	-1.61542886415005	0.272418029981979	0.244093913410559
"ZSWIM8_FORALL_016"	-0.794914329287416	-0.657179493430746	-6.06965354652259	8.63794539847979	2.83588753109681	-0.896752742387879
